name,city,latitude,longitude,zipcode,ethnicity,price,rating
Asian Snack,indianapolis,39.8200464,-86.2283051,46222,chinese,$,4.5
Hong Kong China Restaurant,indianapolis,39.78768,-86.15994,46202,chinese,$,3.5
General Tso Inn,indianapolis,39.75824,-86.11496,46203,chinese,$,4.0
Fei Da,indianapolis,39.7881889,-86.2085876,46222,chinese,$,4.0
Asian Harbor,indianapolis,39.7741395235062,-86.16166703403,46204,chinese,$$,3.5
King Wok,indianapolis,39.8301252567118,-86.242169316008,46254,chinese,$,4.5
Taste Restaurant At Lucky Lou Seafood and Dimsum,indianapolis,39.8188374845563,-86.2270261838531,46222,chinese,$$,4.0
Oriental Inn,indianapolis,39.7873992919922,-86.0638961791992,46219,chinese,$$,4.0
What The Pho,indianapolis,39.886459,-86.210815,46268,chinese,$,4.0
Huong Sizzling Wok,indianapolis,39.83381,-86.24402,46254,chinese,$,4.0
Foon Ying Chinese Restaurant,indianapolis,39.825287,-86.046258,46226,chinese,$,4.0
Chuancai Fang,indianapolis,39.90634,-86.05989,46250,chinese,$$,4.0
House of Cheung,indianapolis,39.883535,-86.120765,46220,chinese,$$,4.5
China King II,indianapolis,39.82463,-86.15607,46205,chinese,$,3.5
Imperial Palace,indianapolis,39.85146,-86.26289,46254,chinese,$$,4.5
Dragon City,indianapolis,39.768253326416,-86.1040725708008,46201,chinese,$,4.0
Golden Wok,indianapolis,39.71598,-86.14851,46227,chinese,$,4.0
P.F. Chang's,indianapolis,39.7666047,-86.1595627,46204,chinese,$$,3.0
Asian Chao,indianapolis,39.7666172,-86.1617899,46204,chinese,$,3.5
Golden Chef,indianapolis,39.8535834710099,-86.0875108364193,46226,chinese,$,3.5
Happy Garden,indianapolis,39.7798072718196,-86.0950390968895,46201,chinese,$,3.0
Beijing Chinese Restaurant,indianapolis,39.797577,-86.02402,46219,chinese,$$,4.0
China One,indianapolis,39.7139411077417,-86.2348012608448,46221,chinese,$,4.0
Long Thanh Chinese and Vietnamese Food,indianapolis,39.8832251,-86.0714828,46220,chinese,$,4.0
China King,indianapolis,39.7695618,-86.1545792,46204,chinese,$,3.0
King's Wok,indianapolis,39.8238315,-86.242872,46254,chinese,$,4.0
Bamboo House,indianapolis,39.8494606,-86.1231918,46220,chinese,$,3.5
Egg Roll King,indianapolis,39.722318,-86.219509,46221,chinese,$,3.5
Panda Express,indianapolis,39.7815,-86.17044,46202,chinese,$,2.5
Egg Roll King,indianapolis,39.75439,-86.24453,46241,chinese,$,4.0
China Garden,indianapolis,39.7040057,-86.1514245,46227,chinese,$,4.0
Dragon City,indianapolis,39.8258018,-86.1164398,46218,chinese,N/A,3.5
Kin's Restaurant,indianapolis,39.805474,-86.218926,46222,chinese,N/A,3.5
Rice King,indianapolis,39.8394127,-86.02108,46226,chinese,$,3.5
King Dragon,indianapolis,39.868999,-86.124614,46220,chinese,$,3.5
Dragon Inn,indianapolis,39.842237,-86.062797,46226,chinese,N/A,5.0
Great Wall Chinese Restaurant,indianapolis,39.709736,-86.1210188,46227,chinese,$,3.5
First Wok II,indianapolis,39.8826866149902,-86.2437057495117,46268,chinese,$,4.0
Peking,indianapolis,39.77817,-86.26783,46224,chinese,$,3.5
China Wok,indianapolis,39.77932,-86.25123,46224,chinese,$$,3.0
Ming Jiang,indianapolis,39.82402,-86.27068,46254,chinese,$,3.0
Chow Express,indianapolis,39.8894196,-86.0459747,46250,chinese,$,4.0
China Gourmet,indianapolis,39.7279994934797,-86.0831963270903,46203,chinese,$,4.0
Happy Dragon,indianapolis,39.8843184556025,-86.0676670074463,46220,chinese,$,3.0
Pagoda Grill and Buffet,indianapolis,39.8244352893048,-86.2540400302484,46254,chinese,N/A,4.0
Number One Chinese Restaurant,indianapolis,39.7971468,-86.26218,46224,chinese,$,2.0
First Wok,indianapolis,39.8692207,-86.09552,46220,chinese,$,3.5
Panda Express,indianapolis,39.7739,-86.176,46202,chinese,N/A,1.0
Super China Buffet,indianapolis,39.782457,-86.063863,46219,chinese,$,3.0
Wonder Wu,indianapolis,39.8539413,-86.2401649,46254,chinese,$,3.5
Happy Dragon,indianapolis,39.822164,-86.26013,46254,chinese,$,3.5
Side Wok Cafe,indianapolis,39.86883,-86.13939,46220,chinese,$,3.5
Great China Buffet,indianapolis,39.70945,-86.14213,46227,chinese,$,3.0
China King,indianapolis,39.77392578125,-86.0149841308594,46219,chinese,$,3.0
Taste of China,indianapolis,39.906564,-86.218079,46268,chinese,$$,4.0
China Inn,indianapolis,39.752726,-86.245927,46241,chinese,$,2.5
Wah Wah Chinese Restaurant,indianapolis,39.8862838745117,-86.2088623046875,46268,chinese,$,2.5
Super China Buffet,indianapolis,39.88601,-86.121344,46240,chinese,$,2.5
Jumbo Chinese Restaurant,indianapolis,39.8546715,-86.2423019,46254,chinese,$,3.0
Canton Express,indianapolis,39.7973213,-86.2638397,46224,chinese,$,2.5
Super China Buffet,indianapolis,39.764585,-86.252658,46224,chinese,$,2.5
New Taste Buffet,indianapolis,39.8247758998607,-86.2388522577816,46254,chinese,$$,2.5
China King,indianapolis,39.825325012207,-86.0121688842773,46226,chinese,$,3.0
Great Wall Chinese Restaurant,indianapolis,39.7971458,-86.2621765,46224,chinese,N/A,1.0
Panda Express,indianapolis,39.90592,-86.06459,46250,chinese,N/A,2.5
Petite Chou Bistro and Champagne Bar,indianapolis,39.8704697023177,-86.1439222097397,46220,french,$$,4.0
Auberge at The Brick Street Inn,indianapolis,39.9502370484305,-86.2613680062162,46077,french,$$$,4.0
8Eleven Modern Bistro,indianapolis,40.4255835,-86.9105049,47906,french,N/A,4.5
Vera Mae's Bistro,indianapolis,40.192497253418,-85.3868865966797,47305,french,$$,4.5
Folie,indianapolis,40.41942,-86.89103,47901,french,$$$,4.5
Bistro 501,indianapolis,40.41906,-86.8916799,47901,french,$$$,4.0
Vivante French Eatery,indianapolis,39.970128,-86.129444,46032,french,N/A,3.5
Jacquie's Cafe,indianapolis,39.92974,-86.23209,46032,french,$$,4.0
NY Cafe,indianapolis,40.4180722009379,-86.861248411045,47904,french,N/A,1.0
Little Cairo Cafe,indianapolis,39.846596,-86.14614,46205,greek,N/A,3.5
Petra Cafe,indianapolis,39.7758012347105,-86.1481644585729,46204,greek,$,4.5
The Greek Islands Restaurant,indianapolis,39.75524,-86.15949,46225,greek,$$,4.5
Petos,indianapolis,39.907637,-86.064643,46250,greek,N/A,5.0
The Patio,indianapolis,39.772806,-86.039496,46219,greek,$,4.0
Canal Bistro Mediterranean Grille,indianapolis,39.872051,-86.142622,46220,greek,$$,4.5
King Gyros,indianapolis,39.7165650313755,-86.1493258550763,46227,greek,$,4.0
Mr Gyro's,indianapolis,39.82398,-86.25393,46254,greek,$,4.0
Olympia Greek Cuisine,indianapolis,39.74782,-86.15355,46225,greek,N/A,4.5
Lazeez,indianapolis,39.76847267977449,-86.16064391366295,46204,greek,$$,3.5
Taziki's Mediterranean Cafe - Keystone Crossing,indianapolis,39.90706,-86.09686,46250,greek,$$,4.0
Grecian Garden,indianapolis,39.76879,-86.15349,46204,greek,$,2.5
The Little India Restaurant,indianapolis,39.84679,-86.1462,46205,indian,N/A,5.0
Tandoor & Tikka,indianapolis,39.780457,-86.172077,46202,indian,$,4.0
Chapati,indianapolis,39.8425741690814,-86.2544556611198,46254,indian,$$,4.5
Karachi Kabab & Grill,indianapolis,39.83033,-86.24213,46254,indian,N/A,5.0
Delhi Palace,indianapolis,39.7796173095703,-86.1729125976562,46202,indian,$$,4.0
India Garden Restaurant,indianapolis,39.7701454162598,-86.1539459228516,46204,indian,$$,4.0
India Sizzling II,indianapolis,39.830272,-86.242362,46254,indian,$$,4.0
Fast n Fresh,indianapolis,39.71107,-86.14509,46227,indian,N/A,4.5
Spice Box,indianapolis,39.7686835,-86.153515,46204,indian,$,4.0
India Palace,indianapolis,39.8321407,-86.2427266,46254,indian,$$,3.5
Biryani House/ Suhel's Kitchen,indianapolis,39.8231134047034,-86.2425296008587,46254,indian,$,3.5
Shalimar Indian Restaurant,indianapolis,39.86883,-86.1403,46220,indian,$$,4.0
Tandoor & Tikka,indianapolis,39.905788,-86.077582,46250,indian,N/A,3.0
India Garden Restaurant,indianapolis,39.86997,-86.1439,46220,indian,$$,4.0
Spice Box,indianapolis,39.768835,-86.153578,46204,indian,$,3.5
Amber Indian Restaurant,indianapolis,39.904635,-86.066198,46250,indian,N/A,3.0
IFM Mughal Cuisine,indianapolis,39.823824763298,-86.2418322265148,46222,indian,N/A,4.0
Rasoi Indian Restaurant,indianapolis,39.8985844,-86.2164615,46268,indian,N/A,2.0
Maialina,indianapolis,39.7521966,-86.1395213,46203,italian,$$,4.5
Nesso,indianapolis,39.761613,-86.154342,46204,italian,$$$,4.5
Mama Carolla's,indianapolis,39.85084,-86.14081,46220,italian,$$,4.5
Iaria's Italian Restaurant,indianapolis,39.76187,-86.14558,46202,italian,$$,4.0
Iozzo's Garden of Italy,indianapolis,39.75422,-86.15958,46225,italian,$$,4.0
Greek’s Pizzeria-  Indianapolis,indianapolis,39.78867,-86.13631,46202,italian,N/A,5.0
Fresco Italian Cafe on the Canal,indianapolis,39.7746819,-86.1648037,46202,italian,$,4.0
Sauce on the Side,indianapolis,39.764615,-86.1567136,46204,italian,$$,4.5
Ambrosia,indianapolis,39.8626097383941,-86.1459280749264,46220,italian,$$,4.0
Lou Malnati's Pizzeria,indianapolis,39.8713923,-86.1442753,46220,italian,N/A,4.5
Giordano's,indianapolis,39.76824,-86.15965,46204,italian,$$,3.5
Diavola Pizza,indianapolis,39.851463,-86.138689,46220,italian,$$,4.0
The Old Spaghetti Factory,indianapolis,39.764088,-86.1584,46225,italian,$$,3.5
Catello’s Italian Art Cuisine - Indianapolis,indianapolis,39.90426,-86.08795,46250,italian,N/A,5.0
Pomodoro,indianapolis,39.76544,-86.15774,46225,italian,N/A,3.5
Marco's Restaurant & Lounge,indianapolis,39.8515587,-86.1228638,46220,italian,$$,4.0
Napoli Villa Italian Restaurant,indianapolis,39.721973,-86.090774,46107,italian,$$,4.0
OP Italian Indy,indianapolis,39.7669926702041,-86.1675886232094,46204,italian,$$,4.0
Giorgio's Pizza,indianapolis,39.76831,-86.15694,46204,italian,$,4.0
Byrne's Grilled Pizza,indianapolis,39.85452,-86.15925,46208,italian,$$,4.0
Capri Italian Restaurant,indianapolis,39.890089,-86.119965,46240,italian,$$$,4.0
Napolese Pizzeria,indianapolis,39.84281,-86.15424,46205,italian,$$,4.0
Pasquale's Pizza & Pasta,indianapolis,39.7722057632599,-86.0291655734181,46219,italian,$$,4.5
Buca di Beppo Italian Restaurant,indianapolis,39.7680405743395,-86.15956351161,46204,italian,$$,3.0
Giordano's,indianapolis,39.90779,-86.09478,46250,italian,$$,3.5
Some Guys Pizza Pasta Grill,indianapolis,39.869827,-86.096166,46220,italian,$$,4.0
Nicolino's Restaurant - Wyndham Indianapolis,indianapolis,39.7291179,-86.2576747,46241,italian,$$,2.5
Olive Garden Italian Restaurant,indianapolis,39.77278,-86.02374,46219,italian,$$,3.5
Pasta Bilities,indianapolis,39.8808212,-86.074791,46220,italian,N/A,5.0
Cafe Olivia,indianapolis,39.768973,-86.153309,46204,italian,$,4.0
Pasquales,indianapolis,39.71349,-86.23606,46221,italian,$$,3.0
"MacKenzie River Pizza, Grill & Pub",indianapolis,39.90438,-86.085683,46250,italian,$$,3.5
Mauricio's Pizzeria,indianapolis,39.7684662,-86.1540548,46204,italian,$,3.5
Pizza Hut,indianapolis,39.851552,-86.263105,46254,italian,$$$$,1.5
Big Kahuna's Pizza,indianapolis,39.7133517405388,-86.1202521343586,46227,italian,$,2.0
Olive Garden Italian Restaurant,indianapolis,39.905962,-86.061292,46250,italian,$$,3.0
Enzo Pizza,indianapolis,39.7694201767445,-86.1597573012114,46204,italian,$,3.0
Fazoli's,indianapolis,39.8259811401367,-86.2375946044922,46254,italian,$,3.0
Pizza Hut,indianapolis,39.781356,-86.169446,46202,italian,$,1.5
Buona Pizza,indianapolis,39.888897,-86.045153,46250,italian,N/A,3.5
Pizza Hut,indianapolis,39.7224381816455,-86.1120897531509,46107,italian,$,3.5
Fazoli's,indianapolis,39.7721824645996,-86.035400390625,46219,italian,$,2.5
Fazoli's,indianapolis,39.7533,-86.24984,46241,italian,$,2.5
Pizza Hut,indianapolis,39.8590389427036,-86.196975,46228,italian,$,1.5
Pizza Hut,indianapolis,39.743477735165605,-86.08109604166413,46203,italian,$,1.5
Pizza Hut,indianapolis,39.9049567162451,-86.0593115240499,46250,italian,N/A,1.0
Pizza Hut,indianapolis,39.719878,-86.2255119486599,46221,italian,$,1.5
Pizza Hut,indianapolis,39.7041073931748,-86.1495763063431,46227,italian,$,2.0
Pizza Hut,indianapolis,39.826515159955,-86.0104957222939,46226,italian,$,1.5
Fazoli's,indianapolis,39.90572,-86.05568,46250,italian,$,3.0
Pizza Hut,indianapolis,39.799522869752174,-86.267424,46224,italian,$,1.5
Pizza Hut,indianapolis,39.7555226105,-86.24317506,46241,italian,$,1.0
Pizza Hut,indianapolis,34.6230068044999,-98.4673234820366,73505,italian,$,1.5
Pizza Hut,indianapolis,39.8395746,-86.04563400149345,46226,italian,$,1.5
Pizza Hut,indianapolis,39.7788592862225,-86.266806,46224,italian,$,1.5
Pizza Hut,indianapolis,39.7823276,-86.0660056748847,46219,italian,$,2.0
Pizza Hut,indianapolis,39.869059,-86.124261,46220,italian,$,1.5
Pizza Hut,indianapolis,39.8515248466322,-86.2631245404646,46254,italian,$,2.0
Hinata Japanese Fine Dining,indianapolis,39.76724,-86.15517,46204,japanese,N/A,5.0
Mori Sushi,indianapolis,39.76321,-86.145502,46202,japanese,N/A,4.5
Wei Ramen,indianapolis,39.76727,-86.156841,46204,japanese,$$,4.0
Homey,indianapolis,39.82133,-86.23087,46222,japanese,$$,4.5
Ramen Ray,indianapolis,39.88369,-86.07236,46220,japanese,$$,4.0
Asian Harbor,indianapolis,39.7741395235062,-86.16166703403,46204,japanese,$$,3.5
Go Stir Fry,indianapolis,39.767377,-86.156757,46204,japanese,N/A,5.0
Mikado Japanese,indianapolis,39.76459,-86.16027,46225,japanese,$$,3.5
Sakura Japanese Restaurant,indianapolis,39.88434,-86.12151,46240,japanese,$$,4.0
Meet Noodles 相遇小面,indianapolis,39.90664,-86.05844,46250,japanese,$$,4.5
Watami Sushi All You Can Eat,indianapolis,39.86893,-86.12762,46220,japanese,$$,4.0
Tomo Japanese Steakhouse and Sushi Bar,indianapolis,39.88862,-86.12126,46240,japanese,$$,4.0
Asaka Japanese Restaurant,indianapolis,39.906797,-86.056162,46250,japanese,$$,4.5
Ichiban Noodles,indianapolis,39.9082,-86.04885,46250,japanese,$$,4.0
Wasabi On 82nd St Japanese Restaurant & Sushi Bar,indianapolis,39.9044184299326,-86.0846435442498,46250,japanese,$$,3.5
Maki of Japan Japanese Eatery,indianapolis,39.766862,-86.159403,46204,japanese,$,3.0
Gaucho's Fire - The Garage Indy,indianapolis,39.78,-86.143666,46202,brazilian,N/A,4.5
Gaucho's Fire,indianapolis,39.78006284089604,-86.14374200896509,46202,brazilian,$,4.5
Gracho's Fire,indianapolis,39.78,-86.143666,46202,brazilian,N/A,4.0
Fogo de Chao Brazilian Steakhouse,indianapolis,39.7667119938201,-86.1555469969416,46204,brazilian,$$$,4.0
Gracho's Fire,indianapolis,39.781044006347656,-86.16191101074219,46202,brazilian,N/A,4.0
Thaitanium,indianapolis,39.77688,-86.14573,46204,thai,$$,4.0
Thai Paradise,indianapolis,39.7683983,-86.1611862,46204,thai,$$,4.0
Siam Square,indianapolis,39.7543999,-86.14186,46203,thai,$$,4.0
Bangkok Restaurant & Jazz Bar,indianapolis,39.769633,-86.153565,46204,thai,$$,4.0
Thai Town 2,indianapolis,39.824413,-86.248259,46254,thai,N/A,4.5
Bento Asian Bistro,indianapolis,39.7795906,-86.1729813,46202,thai,$,3.5
Thai Taste,indianapolis,39.9041901,-86.0771484,46250,thai,$$,4.5
Chiang Mai Thai Noodle,indianapolis,39.87039,-86.14419,46220,thai,$$,4.0
Thai Town Cuisine,indianapolis,39.7487325923111,-86.2694729968895,46241,thai,$$,4.5
Thai Castle Cuisine,indianapolis,39.8745921,-86.1204565,46220,thai,$,4.5
Phaya Thai Street Food,indianapolis,39.85643,-86.0098299,46216,thai,$$,4.5
Thai Orchid,indianapolis,39.9040374755859,-86.0491943359375,46250,thai,$$,4.0
Thai Cafe Restaurant,indianapolis,39.8697054,-86.1407385,46220,thai,$$,4.0
Muay Thai Mobile Kitchen,indianapolis,39.9069290161133,-86.2106781005859,46268,thai,$,4.5
Chef Oya's The Trap,indianapolis,39.8178,-86.12115,46218,soulfood,$$,4.5
His Place Eatery,indianapolis,39.81143,-86.046907,46219,soulfood,$$,4.5
Pa & Ma's Backyard BBQ,indianapolis,39.81939,-86.14469,46206,soulfood,N/A,4.5
House of Soul Cafe,indianapolis,39.70386,-86.14841,46227,soulfood,N/A,4.5
Chef Dan's,indianapolis,39.810417971151,-86.1494680121541,46205,soulfood,N/A,4.5
Diamond's Coney Island,indianapolis,39.835843,-86.029636,46226,soulfood,$,4.5
Circle City Soul Food,indianapolis,39.8102303,-86.1826477,46208,soulfood,N/A,4.5
Muva’s Kitchen,indianapolis,39.81059,-86.22122,46222,soulfood,N/A,4.5
Michael's Soul Kitchen,indianapolis,39.7696226181755,-86.1551844701171,46204,soulfood,$$,4.0
Marble's Southern Cookery,indianapolis,39.7985916137695,-86.2096710205078,46222,soulfood,$$,3.5
Maxine's Chicken & Waffles,indianapolis,39.76927,-86.14927,46204,soulfood,$$,4.0
Greens & Things,indianapolis,39.8424914485089,-86.0456464067101,46226,soulfood,$$,4.0
Simply Southern Soul Food,indianapolis,39.826401,-86.112895,46218,soulfood,$$,3.0
Stacey & Rick's,indianapolis,39.81787,-86.1023699,46218,soulfood,N/A,4.0
Bukks BBQ Smokehouse BBSH,indianapolis,39.79568,-86.06473,46218,soulfood,N/A,3.0
Angel's Charbroiled Chicken & BBQ,indianapolis,39.82794,-86.23667,46254,soulfood,N/A,5.0
Super Jumbo's Restaurant,indianapolis,39.8001884,-86.2108631,46222,soulfood,N/A,4.0
Kountry Kitchen,indianapolis,39.78676351880396,-86.13115388900043,46201,soulfood,N/A,1.0
Bluebeard,indianapolis,39.7575653114363,-86.1457939619713,46203,new_american,$$,4.5
Union 50,indianapolis,39.776089,-86.1489,46202,new_american,$$,4.5
Beholder,indianapolis,39.78151,-86.12675,46201,new_american,$$$,4.0
Rooster's Kitchen,indianapolis,39.7796499,-86.1425299,46204,new_american,$$,4.0
St. Joseph Brewery & Public House,indianapolis,39.774916235598,-86.145754144816,46202,new_american,$$,4.0
Vida,indianapolis,39.7708979679817,-86.1470560356975,46202,new_american,$$$,4.5
Mesh Restaurant,indianapolis,39.7767191,-86.146187,46204,new_american,$$,4.0
Tinker Street,indianapolis,39.788567,-86.150663,46202,new_american,$$,4.5
Yard House,indianapolis,39.7657267655393,-86.1590305336469,46204,new_american,$$,4.0
The Ball & Biscuit,indianapolis,39.77154,-86.15353,46204,new_american,$$,4.0
Pivot Bar and Balcony,indianapolis,39.7646003,-86.1567136,46204,new_american,$$,4.5
The Library Restaurant & Pub,indianapolis,39.7277133001895,-86.2510529423279,46241,new_american,$$,4.0
Cafe Patachou,indianapolis,39.766931765965,-86.1619852334366,46204,new_american,$$,4.5
Mimi Blue Meatballs,indianapolis,39.779627,-86.142661,46202,new_american,$$,4.0
Ralston's Drafthouse,indianapolis,39.7758331,-86.1476135,46204,new_american,$$,4.0
Harry & Izzy's,indianapolis,39.7645705992711,-86.1596685386925,46225,new_american,$$$,4.0
Public Greens Downtown at Cummins,indianapolis,39.76822,-86.15256,46204,new_american,$$,4.0
Twenty Tap,indianapolis,39.8512477765646,-86.1459809986184,46220,new_american,$$,4.5
Punch Bowl Social Indianapolis,indianapolis,39.765052,-86.15858,46225,new_american,$$,4.0
Forty Five Degrees,indianapolis,39.7772819643428,-86.145463046627,46204,new_american,$$,4.0
The Iron Skillet,indianapolis,39.809567771336,-86.2008123791946,46222,new_american,$$,4.5
Hedge Row American Bistro,indianapolis,39.7723662,-86.1529603,46204,new_american,$$,4.0
Big Walt's Wings & More,indianapolis,39.8179474,-86.1225815,46218,new_american,$,4.5
The Legend Classic Irvington Cafe,indianapolis,39.77094,-86.07156,46219,new_american,$$,4.5
Conner's Kitchen + Bar,indianapolis,39.766624,-86.1648434,46225,new_american,$$,4.0
Triton Brewing Company,indianapolis,39.860276,-86.007047,46216,new_american,$$,4.0
Farmers Market Café,indianapolis,39.768696,-86.169613,46204,new_american,$$,4.0
Meridian Restaurant & Bar,indianapolis,39.85683,-86.15767,46208,new_american,$$$,4.0
Public Greens,indianapolis,39.8726549,-86.1425363,46220,new_american,$$,4.0
High Velocity,indianapolis,39.766017,-86.1674605,46204,new_american,$$,3.5
Petite Chou Bistro and Champagne Bar,indianapolis,39.8704697023177,-86.1439222097397,46220,new_american,$$,4.0
Kilroy's Bar N' Grill,indianapolis,39.76407,-86.15771,46225,new_american,$$,3.5
The Bistro,indianapolis,39.7671242,-86.1688156,46204,new_american,$$$$,1.5
Twin Peaks,indianapolis,39.906097,-86.047592,46250,new_american,$$,3.0
Studio C Indy,indianapolis,39.85081,-86.140179,46220,new_american,N/A,4.5
Chef JJ's Downtown,indianapolis,39.7615536497878,-86.1594182606712,46225,new_american,$$,4.5
Chancellors,indianapolis,39.775111,-86.174732,46202,new_american,$$,3.0
Burt's Peppy Grill,indianapolis,39.7812,-86.10803,46201,new_american,$,3.0
Huge Impact Restaurant,indianapolis,39.8239812,-86.247598,46254,new_american,$$,3.5
Coaches Tavern,indianapolis,39.7662199,-86.1564764,46204,new_american,$$,3.5
The Bistro,indianapolis,39.727524,-86.256558,46241,new_american,N/A,4.0
CoreLife Eatery,indianapolis,39.9060987370893,-86.0939471329242,46250,new_american,$,4.5
Tavern on South,indianapolis,39.761608,-86.166158,46225,new_american,$$,3.5
Wings Etc,indianapolis,39.78712,-86.04496,46219,new_american,$$,3.0
Champps,indianapolis,39.7670291345226,-86.1594701454415,46204,new_american,$$,3.0
Hot Lamb,indianapolis,39.809432,-86.2119684,46222,new_american,N/A,5.0
Skylight Bistro & Wine Bar,indianapolis,39.797382,-86.041157,46219,new_american,$$,3.5
120 West Bar & Grill,indianapolis,39.7689628601074,-86.1606216430664,46204,new_american,$$,3.5
Simply Puur,indianapolis,39.7739,-86.176,46202,new_american,N/A,5.0
Generations Grill,indianapolis,39.71748,-86.03193,46239,new_american,$,3.0
Vinny's Drive Bar,indianapolis,39.776043,-86.249891,46224,new_american,N/A,4.0
Stars Sandwich Market,indianapolis,39.7738071,-86.1553436,46204,new_american,$,4.0
Waffle House,indianapolis,39.72745,-86.24984,46241,new_american,$,3.5
Backstop Diner,indianapolis,39.721394,-86.088951,46107,new_american,N/A,2.0
The Pantry,indianapolis,39.768601,-86.153316,46204,new_american,$$,4.0
The Eiteljorg Museum Cafe,indianapolis,39.7685515,-86.1677844,46204,new_american,$$,4.0
fat Rooster diner,indianapolis,39.7670937,-86.1615502,46204,new_american,$$,3.0
The Road Dog Saloon,indianapolis,39.746276,-86.086639,46203,new_american,$$,4.0
Ethan's Restaurant,indianapolis,39.76963,-86.15866,46204,new_american,N/A,1.0
Eddy's Sports Pub,indianapolis,39.85412,-86.00811,46216,new_american,N/A,3.0
Kilroy's Bar N' Grill,indianapolis,39.86932,-86.1435,46220,new_american,$$,3.5
Harsi's Subs N Pizza,indianapolis,39.81561,-86.23963,46224,new_american,$,4.5
Memories Bar & Grill,indianapolis,39.895882,-86.215739,46268,new_american,$$,4.0
Varsity Club,indianapolis,39.76409,-86.15547,46204,new_american,N/A,3.0
Level One,indianapolis,39.7670937,-86.1615502,46204,new_american,$$,3.0
A&W,indianapolis,39.7666986350627,-86.1596626385648,46255,new_american,$,3.0
Wishard Health Services Cafeteria,indianapolis,39.780778,-86.1765466,46202,new_american,N/A,3.0
Penn Station,indianapolis,39.90433,-86.0529,45245,new_american,N/A,2.0
Festiva,indianapolis,39.78823,-86.13756,46202,mexican,$$,4.5
Nada,indianapolis,39.7655,-86.1584528,46204,mexican,$$,4.5
La Parada,indianapolis,39.77157,-86.13106,46201,mexican,$,4.0
La Chinita Poblana,indianapolis,39.78,-86.143666,46202,mexican,N/A,4.0
Bakersfield,indianapolis,39.7719812,-86.1535945,46204,mexican,$$,4.5
Loco Mexican Restaurant & Cantina,indianapolis,39.7974826702369,-86.1530939541102,46205,mexican,$$,4.0
Comida,indianapolis,39.77905,-86.15599,46204,mexican,$$,4.0
Delicia,indianapolis,39.847406,-86.1451809,46220,mexican,$$,4.5
Tequilas Mexican Restaurant And Bar,indianapolis,39.770548,-86.072351,46268,mexican,N/A,5.0
La Margarita,indianapolis,39.75282,-86.1409,46203,mexican,$$,4.0
Condado Tacos,indianapolis,39.77487586927522,-86.14990498602825,46204,mexican,$$,3.5
La Mulita,indianapolis,39.8474044799805,-86.1451797485352,46202,mexican,$$,4.0
Tlaolli,indianapolis,39.768613,-86.115475,46201,mexican,$,5.0
Loco Mexican Restaurant & Cantina,indianapolis,39.75216,-86.13511,46203,mexican,$$,4.5
The Tamale Place,indianapolis,39.7655574820252,-86.248899219574,46224,mexican,$,4.5
Birreria Ocotlan,indianapolis,39.7603099,-86.11664,46201,mexican,$,4.0
Pure Eatery,indianapolis,39.75282,-86.1409,46203,mexican,$$,4.0
Tequila Street Tacos And Cantina,indianapolis,39.76306,-86.15849,46225,mexican,N/A,3.5
Taqueria Don Quezadillas Belinda,indianapolis,39.8256299,-86.12645,46218,mexican,N/A,5.0
Taqueria El Taco Loco,indianapolis,39.7650558,-86.2056177,46222,mexican,N/A,4.0
Taqueria y Birrieria Aqui es Jalisco,indianapolis,39.7802349528145,-86.2502127885818,46224,mexican,N/A,4.0
Taqueria La Chela,indianapolis,39.825358,-86.143821,46205,mexican,N/A,4.5
El Toro Bravo ,indianapolis,39.772542,-86.159301,46204,mexican,N/A,3.5
Mr Tequila's Cantina & Grill,indianapolis,39.7546516624425,-86.1492681875825,46225,mexican,$$,4.0
Paco's Taqueria,indianapolis,39.8363373,-86.1222548,46205,mexican,$,4.0
La Posada,indianapolis,39.76605,-86.1971499,46222,mexican,$,4.0
Dad’s Kitchen,indianapolis,39.87052489407707,-86.14306847262343,46220,mexican,N/A,5.0
Panaderia Oaxaquena Bakery,indianapolis,39.781155,-86.104728,46201,mexican,$,4.5
Condado Tacos,indianapolis,39.8698758139872,-86.1435533220901,46220,mexican,$$,4.0
Indy Tacos,indianapolis,39.851889250621,-86.1251766392875,46220,mexican,$,4.0
Taquria Mi Costa,indianapolis,39.76767,-86.18664,46222,mexican,N/A,4.5
Cholita Taqueria,indianapolis,39.8695726233713,-86.1415571546198,46220,mexican,$$,4.0
Los Cuates Mexican Restaurant,indianapolis,39.7719539221582,-86.0568665631476,46219,mexican,$$,4.5
Crazy Tortas,indianapolis,39.86956,-86.14421,46220,mexican,N/A,5.0
The Patio,indianapolis,39.772806,-86.039496,46219,mexican,$,4.0
Super Tortas,indianapolis,39.774436,-86.205024,46222,mexican,$,4.5
Mi Lindo Pénjamo Food Truck,indianapolis,39.897532,-86.216499,46268,mexican,N/A,3.0
Sangrita Saloon,indianapolis,39.87267,-86.14324,46220,mexican,$$,3.5
Tortas Guicho Dominguez y El Cubanito,indianapolis,39.75781,-86.146066,46203,mexican,$,4.0
Gil Tacos,indianapolis,39.74333,-86.24974,46241,mexican,$,4.5
Fast Taco's,indianapolis,39.8674964904785,-86.2020263671875,46228,mexican,N/A,4.5
Super Tacos,indianapolis,39.89672,-86.21491,46268,mexican,N/A,4.5
Guanajuato Restaurante,indianapolis,39.75842,-86.18236,46221,mexican,N/A,5.0
Don Juan Taqueria,indianapolis,39.70945,-86.14213,46227,mexican,$,4.5
Lucianas Mexican Restaurant,indianapolis,39.86893,-86.12858,46220,mexican,$$,4.0
Chilangos,indianapolis,39.788616,-86.065248,46218,mexican,$,4.0
Pupuseria Casa Maria,indianapolis,39.88684,-86.210772,46268,mexican,$,4.5
Taquería El Hermano,indianapolis,39.817348,-86.2401049,46224,mexican,N/A,5.0
El Corcel Mexican Restaurant,indianapolis,39.7504622949999,-86.2157611143417,46241,mexican,$$,4.0
El Mr Camaron,indianapolis,39.760607,-86.1020452,46201,mexican,$,5.0
Taco & Burrito Place,indianapolis,39.830055,-86.122192,46205,mexican,$,4.5
Chile Y Limón,indianapolis,39.82467,-86.26802,46254,mexican,$,4.5
Tex-Mex,indianapolis,39.75195,-86.15002,46225,mexican,$,4.0
Carniceria Guanajuato,indianapolis,39.833179,-86.248619,46254,mexican,$,4.0
La Cantina Mexican Restaurant,indianapolis,39.853532,-86.085829,46226,mexican,$$,4.0
Huge Impact Restaurant,indianapolis,39.8239812,-86.247598,46254,mexican,$$,3.5
Taqueria Oaxaca Indy,indianapolis,39.8226873395713,-86.2357936706647,46254,mexican,N/A,4.0
Wichos Tacos,indianapolis,39.80847833,-86.23919367,46222,mexican,N/A,4.5
Burrito Joint,indianapolis,39.74994,-86.21575,46241,mexican,$,4.0
Texas Margaritas Mexican Restaurant,indianapolis,39.87463,-86.12141,46220,mexican,$$,4.0
Tacos 46,indianapolis,39.8105507,-86.2696075,46241,mexican,$,4.5
Birrieria Andrade Estilo Jalisco,indianapolis,39.765822,-86.197956,46222,mexican,$,3.5
Sabor Latino,indianapolis,39.73133,-86.13947,46203,mexican,$,4.0
Revolucion,indianapolis,39.7524474,-86.1386729,46203,mexican,$$,3.5
Antojitos Puebla,indianapolis,39.75069,-86.25609,46241,mexican,$,4.5
La Escollera,indianapolis,39.77123,-86.06708,46219,mexican,$,4.0
Birreria Tala Jalisco,indianapolis,39.774816,-86.114865,46201,mexican,N/A,2.0
Tacos A La Diabla,indianapolis,39.7733426,-86.0203156,46219,mexican,$,4.0
Pollo Alegre 2,indianapolis,39.76639,-86.19808,46222,mexican,$,4.5
fiesta on the go,indianapolis,39.8251518848092,-86.118176870069,46218,mexican,N/A,4.0
Taqueria Mendez,indianapolis,39.8258722,-86.0611077,46226,mexican,N/A,4.0
Raffi's Mexican Tacos,indianapolis,39.8695234249987,-86.1445890827489,46220,mexican,$,4.0
Mar y Sol Mexican Bar & Grill,indianapolis,39.836181640625,-86.0258560180664,46226,mexican,$,4.0
La Bamba,indianapolis,39.825243,-86.236786,46254,mexican,$,4.0
Carniceria Guanajuato II,indianapolis,39.812967,-86.046485,46226,mexican,$,4.5
Taqueria y Carnicería el Puerto,indianapolis,39.7534606,-86.12118,46203,mexican,$,4.5
El Rey International Restaurant,indianapolis,39.8112382569463,-86.2215627729893,46222,mexican,N/A,4.0
Delicias La Chocola,indianapolis,39.75982,-86.10161,46201,mexican,$,4.5
Tamale/Taco Shop,indianapolis,39.90697,-86.2183,46268,mexican,$,4.0
Los Rancheros,indianapolis,39.8305099,-86.03815,46226,mexican,$,4.0
Pollo Alegre,indianapolis,39.76025,-86.10166,46201,mexican,$,4.0
Tortas El Guero,indianapolis,39.7595202605481,-86.0705701634288,46219,mexican,$,4.0
El Alazan,indianapolis,39.7596588,-86.1053314,46201,mexican,$$,4.5
El Mariachi,indianapolis,39.7145575225063,-86.081185750815,46203,mexican,$$,4.0
RJS Tacos & Burritos,indianapolis,39.7820682,-86.0455349,46219,mexican,$,4.0
Carniceria Guanajuato,indianapolis,39.75842,-86.18236,46221,mexican,$,4.5
Tacos And Tequila On Main,indianapolis,39.7864010230159,-86.2413557991385,46224,mexican,$$,3.5
Biscuits Cafe,indianapolis,39.86885,-86.14049,46220,mexican,$$,4.0
El Meson,indianapolis,39.881247,-86.067592,46220,mexican,N/A,5.0
Delicias Jalisco,indianapolis,39.737583205789,-86.1013682931661,46203,mexican,$,5.0
Taqueria Los Primos,indianapolis,39.8394376,-86.04718,46226,mexican,N/A,4.5
El Pastor Taco Truck,indianapolis,39.761637,-86.109384,46201,mexican,N/A,5.0
Taqueria Puebla,indianapolis,39.89183,-86.04673,46250,mexican,$,4.0
Carniceria El Ranchito,indianapolis,39.7081173937752,-86.1460416241084,46227,mexican,$,4.5
Fast Burrito,indianapolis,39.76894,-86.15705,46204,mexican,$,4.0
Taqueria Don Luis,indianapolis,39.8200464,-86.2283051,46222,mexican,N/A,4.5
Lala's Cafe,indianapolis,39.76618,-86.19983,46222,mexican,N/A,4.5
El Meson Mexican Restaurant,indianapolis,39.8864068,-86.1218451,46240,mexican,$$,4.0
Chile Verde Mexican Grill,indianapolis,39.888909,-86.044383,46250,mexican,$$,4.0
El Pastorcito,indianapolis,39.76577,-86.26173,46224,mexican,$$,3.5
la 5th av tacos,indianapolis,39.74489,-86.13004,46203,mexican,N/A,5.0
La Guanaquita Restaurante,indianapolis,39.823547,-86.254444,46254,mexican,$,4.5
Carniceria El Ranchito,indianapolis,39.7631399603002,-86.2200208724139,46222,mexican,$,4.5
Antojitos Carmen Restaurante Y Taqueria,indianapolis,39.76732,-86.18815,46222,mexican,N/A,5.0
Tios Mexican Restaurant,indianapolis,39.7549498865363,-86.2423599511385,46241,mexican,$,4.0
Las Salvadorenos El Angel,indianapolis,39.76567,-86.26261,46224,mexican,N/A,4.5
Narcos Mexican Food,indianapolis,39.781615,-86.091457,46201,mexican,N/A,5.0
El Pulgarcito Restaurante Salvadoreño,indianapolis,39.825488,-86.008465,46226,mexican,N/A,3.5
El Puerto de San Blas,indianapolis,39.824721,-86.243366,46254,mexican,$$,4.0
Los Patios Mexican Restaurant,indianapolis,39.713576,-86.234983,46221,mexican,N/A,5.0
Taqueria Don Trinis,indianapolis,39.7733735,-86.0100047,46219,mexican,N/A,5.0
Tamales,indianapolis,39.78812,-86.2134746,46222,mexican,N/A,5.0
La Hacienda Mexican Restaurant,indianapolis,39.88036,-86.06923,46220,mexican,$,4.0
Michigan Fish and Chicken,indianapolis,39.773471,-86.226561,46222,mexican,N/A,1.5
Tapatia Mexican Tacos,indianapolis,39.772727,-86.040069,46219,mexican,N/A,5.0
La Hacienda,indianapolis,39.8567541,-86.0136474,46216,mexican,$$,3.5
El Pastorcito,indianapolis,39.896913,-86.217016,46268,mexican,$,4.0
Puerto Vallarta Mexican Restaurant & Cantina,indianapolis,39.8512516308834,-86.262952046627,46254,mexican,$,3.5
La Mexicana Authentic Food,indianapolis,39.89598,-86.21674,46268,mexican,N/A,4.0
El Rodeo 5,indianapolis,39.803596496582,-86.2705001831055,46224,mexican,$$,4.0
Taste of Cholulas,indianapolis,39.7735305364768,-86.0115297847158,46219,mexican,N/A,4.0
Taco Express,indianapolis,39.842386,-86.015582,46226,mexican,$,4.0
El Rey Del Taco,indianapolis,39.8264672537691,-86.2691512469214,46254,mexican,N/A,2.0
Yolis Supermarket,indianapolis,39.7049499,-86.15899,46217,mexican,$,4.5
El Restaurant Guanajuato,indianapolis,39.759636,-86.105387,46201,mexican,N/A,5.0
Taqueria-El Ranchito,indianapolis,39.7629814,-86.2200165,46222,mexican,N/A,5.0
La Hacienda,indianapolis,39.8253860854492,-86.2384918518677,46254,mexican,$,4.0
Costa Brava,indianapolis,39.82561,-86.2688,46254,mexican,$$,4.0
Taqueria La Furia,indianapolis,39.82229,-86.2338,46222,mexican,N/A,4.0
el corcel mexican restaurant  2,indianapolis,39.85355,-86.24504,46254,mexican,N/A,4.0
Taco Bell,indianapolis,39.78,-86.174535,46202,mexican,$,1.5
La Movidita,indianapolis,39.834305,-86.010834,46226,mexican,$$,4.0
Dos Hombres Taco House,indianapolis,39.76632,-86.159207,46204,mexican,N/A,3.5
Chipotle Mexican Grill,indianapolis,39.7672354,-86.1576752,46204,mexican,$,3.5
Los Chilaquiles,indianapolis,39.842647,-86.254285,46254,mexican,$$,3.5
Moe's Southwest Grill,indianapolis,39.781105,-86.173789,46202,mexican,$,3.5
Iqui's Chicken and Tacos,indianapolis,39.8182153,-86.122637,46218,mexican,N/A,2.5
Taqueria El Maguey,indianapolis,39.82215,-86.260564,46254,mexican,$,4.0
Ole Mexican Grill,indianapolis,39.756239,-86.23817869999999,46241,mexican,N/A,5.0
El Parral Night Club,indianapolis,39.8249477,-86.2403732,46254,mexican,N/A,1.0
El Corcel No. 2,indianapolis,39.85355,-86.24504,46254,mexican,N/A,3.5
La Costenita,indianapolis,39.8089464651959,-86.2385026622364,46222,mexican,$$,3.5
Tienda Morelos,indianapolis,39.7710999,-86.07457,46219,mexican,$$,3.5
La Fogata Restaurant,indianapolis,39.760690126504,-86.2239864841104,46241,mexican,N/A,4.0
Chipotle Mexican Grill,indianapolis,39.7817911,-86.1696717,46202,mexican,$,3.0
Tajin Mexican Grill,indianapolis,39.81541,-86.27064,46224,mexican,$$,3.5
Rio Tacos,indianapolis,39.8368416,-86.0276184,46226,mexican,N/A,4.0
El Morral Mexican Restaurant,indianapolis,39.72223,-86.11123,46107,mexican,N/A,4.5
La Piedad,indianapolis,39.87425,-86.14266,46220,mexican,$$,3.5
Super Morelos,indianapolis,39.825201,-86.238366,46254,mexican,$$,4.0
Los Patios,indianapolis,39.800589,-86.261687,46224,mexican,$$,3.5
QDOBA Mexican Eats,indianapolis,39.7797445,-86.1728502,46204,mexican,$,2.5
QDOBA Mexican Eats,indianapolis,39.76744,-86.15786,46204,mexican,$$,3.0
Pico De Gallo,indianapolis,39.8538716498375,-86.2316036224365,46254,mexican,$,4.5
Taqueria Los Potrillos,indianapolis,39.8331508144969,-86.0110576450825,46226,mexican,N/A,3.5
Tortas Y Mas,indianapolis,39.8809221368499,-86.2085634469986,46268,mexican,N/A,5.0
Sorianos Family Restaurant,indianapolis,39.76057,-86.22397,46241,mexican,$,3.0
Delicias Jalisco,indianapolis,39.897887,-86.217211,46268,mexican,N/A,5.0
El Arado Mexican Grill,indianapolis,39.75232,-86.14039,46203,mexican,$,3.0
Los Portales,indianapolis,39.883761,-86.211424,46268,mexican,$,4.5
El Gigante Taqueria,indianapolis,39.90697,-86.2183,46268,mexican,N/A,4.0
Los Rancheros,indianapolis,39.88269,-86.24371,46268,mexican,$,3.5
Los Mas Ricos,indianapolis,39.886537124915,-86.2083703279495,46268,mexican,$,4.0
QDOBA Mexican Eats,indianapolis,39.7047506809924,-86.1509777605534,46227,mexican,$$,3.5
Tequila's Mexican Restaurant and Bar,indianapolis,39.8808076454828,-86.2476475909352,46268,mexican,N/A,3.0
Taqueria Bohemia,indianapolis,39.7693571448326,-86.0983360558748,46201,mexican,$,4.5
Tienda Morelos #8,indianapolis,39.7106892,-86.1488203,46227,mexican,$,3.5
Antojitos Aguascalientes,indianapolis,39.8248484213487,-86.2533275038004,46254,mexican,N/A,5.0
Don Gusto PJ,indianapolis,39.707954,-86.158844,46217,mexican,$,4.5
Mariscos,indianapolis,39.83727,-86.0269,46226,mexican,N/A,5.0
Chef D's Breakfast,indianapolis,39.9071536283637,-86.2188694998622,46268,mexican,$,4.5
La Ceiba,indianapolis,39.7802999,-86.25021,46224,mexican,$,2.5
Taco Bell,indianapolis,39.825159,-86.117572,46218,mexican,$,1.0
Steak City Fish & Chicken,indianapolis,39.8091776435414,-86.2115581924536,46222,mexican,N/A,3.5
El Fandangos Inc,indianapolis,39.815853,-86.254623,46224,mexican,N/A,4.0
El Taco Torro,indianapolis,39.83412,-86.02774,46226,mexican,$,3.5
Taqueria Y Antojitos La Pasadita,indianapolis,39.780387,-86.250213,46224,mexican,N/A,5.0
Los Cabos Mexican Grill,indianapolis,39.9061499,-86.05177,46250,mexican,$$,3.5
Supermercado Pollo Michoacano,indianapolis,39.9061499,-86.05177,46250,mexican,N/A,4.0
Sarita's Pollos Charbroiled Cuisine,indianapolis,39.896603,-86.214928,46268,mexican,$,4.0
Huachinango,indianapolis,39.897953,-86.216957,46262,mexican,N/A,4.0
Taqueria Y Antojitos La Pasadita,indianapolis,39.76587,-86.20316,46224,mexican,N/A,5.0
Taco Bell,indianapolis,39.765502,-86.159047,46225,mexican,$,3.0
Taco Bell,indianapolis,39.80109,-86.15661,46208,mexican,$,1.5
Don Marcos Restaurante y Taqueria,indianapolis,39.8435303,-86.0101442,46236,mexican,$,3.5
Antojitos Domis,indianapolis,39.89793,-86.216965,46268,mexican,$,4.0
Jack in the Box,indianapolis,39.8231883373159,-86.2597346305847,46254,mexican,$,2.5
Taco Bell,indianapolis,39.768657,-86.108873,46201,mexican,$,2.5
QDOBA Mexican Eats,indianapolis,39.762879454378,-86.15432032944,46204,mexican,$,3.0
Marisquería La Mestiza Restaurant,indianapolis,39.82539,-86.24084,46254,mexican,$,3.5
QDOBA Mexican Eats,indianapolis,39.9054934,-86.0516634,46250,mexican,N/A,3.5
El Mariachi,indianapolis,39.7878637164831,-86.2150557339191,46222,mexican,N/A,3.0
Chipotle Mexican Grill,indianapolis,39.869961,-86.1414970496855,46220,mexican,$,3.0
Taco Bell,indianapolis,39.713819,-86.2389,46221,mexican,$,3.0
Las Tapatias At City Market,indianapolis,39.7684662,-86.1540548,46204,mexican,N/A,2.5
Don Gusto P.J,indianapolis,39.7083616601212,-86.1585330978145,46217,mexican,N/A,3.5
Chile Verde,indianapolis,39.8388302114161,-86.0211092233658,46226,mexican,$,3.5
Taco Bell,indianapolis,39.8671563084147,-86.1217194232788,46220,mexican,$,2.0
Antojitos Guzman,indianapolis,39.8250407691161,-86.2402101606131,46254,mexican,N/A,2.5
Taco Bell,indianapolis,39.771433,-86.055787,46219,mexican,$,1.5
Taco Bell,indianapolis,39.71269,-86.00894,46239,mexican,$,1.5
Taco Bell,indianapolis,39.7514547407627,-86.0330940037966,46239,mexican,$,1.5
Taco Bell,indianapolis,39.766081,-86.195828,46222,mexican,$,1.5
Taco Bell,indianapolis,39.885612,-86.210119,46268,mexican,$,2.0
Taco Bell,indianapolis,39.752502,-86.25017,46241,mexican,$,2.5
Donny's Fish and Chicken,indianapolis,39.840764,-86.064081,46226,mexican,$,2.5
QDOBA Mexican Eats,indianapolis,39.8888566,-86.1212171,46240,mexican,$,2.5
Taco Bell,indianapolis,39.85548167,-86.086177,46226,mexican,$,1.5
Taco Bell,indianapolis,39.709506,-86.143422,46227,mexican,$,2.5
Taco Bell,indianapolis,39.781686,-86.045585,46219,mexican,$,1.0
QDOBA Mexican Eats,indianapolis,39.904355,-86.0845560626694,46250,mexican,$,2.5
La Hacienda Bar & Grill,indianapolis,39.89795,-86.21696,46268,mexican,N/A,2.0
Sol Azteka,indianapolis,39.824954,-86.253495,46254,mexican,$,2.5
Taco Bell,indianapolis,39.824248,-86.009763,46226,mexican,$,1.5
Taco Bell,indianapolis,39.7968,-86.01228,46219,mexican,$,2.0
Taco Bell,indianapolis,39.787107,-86.064202,46219,mexican,$,2.0
Taco Bell,indianapolis,39.80076,-86.26822,46224,mexican,$,2.0
Taco Bell,indianapolis,39.829384,-86.041248,46226,mexican,$,2.0
Taco Bell,indianapolis,39.85489,-86.24024,46254,mexican,$,1.5
Taco Bell,indianapolis,39.905167,-86.059453,46250,mexican,$,2.0
Chipotle Mexican Grill,indianapolis,39.905766,-86.0774544,46250,mexican,$,2.5
Taco Bell,indianapolis,39.709099,-86.082211,46203,mexican,$,2.0
Carniceria El Michoacano,indianapolis,39.8165245056152,-86.2693710327148,46224,mexican,N/A,2.0
Taco Bell,indianapolis,39.823759,-86.234975,46254,mexican,$,2.0
