name,city,latitude,longitude,zipcode,ethnicity,price,rating
Chubby Cattle,Philadelphia,39.95498,-75.15622,19107,chinese,N/A,4.5
Nan Zhou Hand Drawn Noodle House,Philadelphia,39.9554005670665,-75.1569010985796,19107,chinese,$,4.0
Dim Sum Garden,Philadelphia,39.955399,-75.156727,19107,chinese,$,4.0
Dim Sum House,Philadelphia,39.9518854916096,-75.1724655926228,19103,chinese,$$,4.0
Dan Dan,Philadelphia,39.9502487182617,-75.167594909668,19102,chinese,$$,4.0
Sampan,Philadelphia,39.9495313759,-75.1621570259495,19107,chinese,$$,4.0
Han Dynasty,Philadelphia,39.9567105160991,-75.1971027810898,19104,chinese,$$,4.0
Bing Bing Dim Sum,Philadelphia,39.9289513,-75.164711,19148,chinese,$$,4.0
Jane G's Restaurant,Philadelphia,39.951841,-75.173328,19103,chinese,N/A,4.5
Han Dynasty,Philadelphia,39.9483978526255,-75.1435844420196,19106,chinese,$$,4.0
Lau Kee Restaurant,Philadelphia,39.95517,-75.15557,19107,chinese,N/A,4.5
Dim Sum House,Philadelphia,39.9557715,-75.2016544,19104,chinese,$$,4.0
Ting Wong Restaurant,Philadelphia,39.954754,-75.156191,19107,chinese,$,4.0
Nom Wah Philadelphia,Philadelphia,39.9565925598145,-75.160774230957,19107,chinese,$$,4.0
Sang Kee Peking Duck House,Philadelphia,39.95639,-75.15433,19107,chinese,$$,4.0
Buddakan,Philadelphia,39.9489186,-75.1471667,19106,chinese,$$$,4.0
Hong Qi Gong,Philadelphia,39.9544401036752,-75.1542798802257,19107,chinese,N/A,4.0
Dim Sum & Noodle,Philadelphia,39.96204,-75.17222,19130,chinese,$$,4.0
Nine Ting,Philadelphia,39.955083683693,-75.1552917273078,19107,chinese,$$,4.0
Heung Fa Chun Sweet House,Philadelphia,39.9539057451979,-75.1562611059858,19107,chinese,$,4.5
China House,Philadelphia,39.9185859,-75.1836863,19145,chinese,$,4.0
Chinese Restaurant,Philadelphia,39.9537811,-75.1563952,19107,chinese,$,4.5
Shaxian Delicacies,Philadelphia,39.9539055255682,-75.1563203707337,19107,chinese,N/A,3.5
Yummy Yummy,Philadelphia,39.9532362,-75.1565193,19107,chinese,$,4.0
Canto House,Philadelphia,39.95552,-75.15571,19107,chinese,N/A,4.0
Shiao Lan Kung,Philadelphia,39.955247076934,-75.1554087019259,19107,chinese,$$,3.5
Hok Heng,Philadelphia,39.9792,-75.16336,19121,chinese,N/A,4.5
David's Mai Lai Wah,Philadelphia,39.9554942500129,-75.1559746,19107,chinese,$$,3.0
Paradise Inn,Philadelphia,39.97407,-75.18127,19130,chinese,N/A,4.5
China House,Philadelphia,39.9786643981934,-75.1593627929688,19121,chinese,$,3.5
Taijiang Snackies,Philadelphia,39.9538131,-75.1563882,19107,chinese,$,4.5
Ocean Harmony,Philadelphia,39.95551,-75.15558,19107,chinese,$$,3.5
Mustard Greens Restaurant,Philadelphia,39.9405288696289,-75.1460418701172,19147,chinese,$$,4.0
Temple Star,Philadelphia,39.9846,-75.15723,19121,chinese,$$$$,3.0
Hai Tien Restaurant,Philadelphia,39.9383386111494,-75.1702273320272,19146,chinese,$,4.5
Xi'an Sizzling Woks,Philadelphia,39.9534173637242,-75.1549591086789,19107,chinese,$$,3.5
Siu Kee Duck House,Philadelphia,39.9539,-75.15603,19107,chinese,$,4.0
China Star,Philadelphia,39.977976,-75.158113,19121,chinese,$$,3.5
Chopsey - Pan Asian Kitchen,Philadelphia,39.9517805,-75.17291519999999,19103,chinese,N/A,1.0
Lee's Kitchen,Philadelphia,39.97408,-75.18382,19130,chinese,$,3.5
Xi'an Sizzling Woks,Philadelphia,39.95537,-75.20247,19104,chinese,$$,3.0
Square on Square,Philadelphia,39.948333,-75.174521,19103,chinese,$$,3.5
Jin Wei,Philadelphia,39.95549,-75.1551999,19107,chinese,$,3.5
Pei Wei,Philadelphia,39.952141,-75.158537,19107,chinese,N/A,1.5
Lucky Restaurant,Philadelphia,39.9704811270836,-75.1503968444472,19123,chinese,N/A,4.0
Peking Garden,Philadelphia,39.986446,-75.155693,19132,chinese,$$,5.0
New Star,Philadelphia,39.9862683587913,-75.131501884058,19125,chinese,N/A,4.5
Shan Chuan,Philadelphia,40.00922,-75.19407,19129,chinese,$$,4.0
Szechuan Four Rivers,Philadelphia,39.95518,-75.15563,19107,chinese,$$,3.5
Peking Inn,Philadelphia,39.911958,-75.183405,19145,chinese,$$,2.5
Ruby Buffet,Philadelphia,39.93202,-75.14464,19147,chinese,$$,3.0
Far East Chinese Cuisine,Philadelphia,40.019693,-75.174273,19144,chinese,N/A,4.5
Bo Sing,Philadelphia,39.95696,-75.20237,19104,chinese,$,4.0
Orient Express,Philadelphia,39.98056,-75.15338,19122,chinese,$,3.5
Ocean City Restaurant,Philadelphia,39.9562822155044,-75.1542498059399,19107,chinese,$$,3.0
Northeastern Chinese Restaurant,Philadelphia,39.954778581978,-75.1575350761414,19107,chinese,N/A,3.0
China Sea,Philadelphia,39.9770164489746,-75.1764221191406,19121,chinese,N/A,5.0
Curry Bird,Philadelphia,39.9441569666558,-75.2098240703344,19143,chinese,$,3.0
Sang Kee Peking Duck,Philadelphia,39.95337,-75.159295,19107,chinese,$,3.5
China Gourmet,Philadelphia,40.041592,-75.055007,19149,chinese,$$,4.0
New China,Philadelphia,39.91927,-75.15917,19148,chinese,$,3.5
San Lok Chinese Restaurant,Philadelphia,39.93644,-75.17744,19146,chinese,$,3.5
Chef King,Philadelphia,39.96192,-75.15499,19123,chinese,$$,3.0
Solo Skewer Bar,Philadelphia,39.9532273,-75.1565215,19107,chinese,$,3.0
Mui Chung,Philadelphia,39.93678,-75.16665,19147,chinese,$,3.0
Green Garden,Philadelphia,39.94718,-75.15746,19107,chinese,$,3.5
Danny's Wok,Philadelphia,40.038394,-75.119522,19120,chinese,$,4.0
Oriental Food Fair,Philadelphia,39.955673,-75.181925,19102,chinese,$,4.0
General Tso,Philadelphia,40.00611,-75.07817,19137,chinese,N/A,4.0
Lin Jin Chinese and American Take Out,Philadelphia,39.9754428880821,-75.1686330512166,19121,chinese,N/A,4.0
Hung Hing,Philadelphia,40.0254859924316,-75.1748886108398,19144,chinese,$,4.5
Golden Empress Garden,Philadelphia,39.941938,-75.152868,19147,chinese,$,3.5
Low Chinese American Restaurant,Philadelphia,39.9307250976562,-75.118408203125,08103,chinese,N/A,4.0
Happy Wok,Philadelphia,39.92219,-75.23075,19142,chinese,N/A,4.5
Super House,Philadelphia,39.97374,-75.22909,19131,chinese,$,3.0
Szechuan Express,Philadelphia,40.003943,-75.224283,19004,chinese,$,4.0
J C Chinese Restaurant,Philadelphia,39.927736,-75.1585038,19148,chinese,$$,2.0
Maki-San,Philadelphia,40.005097,-75.240134,19004,chinese,N/A,4.0
Best China Inn,Philadelphia,39.9541258,-75.2112744,19104,chinese,$,3.5
Good Garden Restaurant,Philadelphia,40.0044364929199,-75.177131652832,19132,chinese,N/A,5.0
Danny's Wok,Philadelphia,39.9458935,-75.2394383,19143,chinese,$,2.5
Yummy Garden,Philadelphia,40.012402,-75.150216,19140,chinese,N/A,4.0
Pho Le Lai,Philadelphia,40.04158,-75.05437,19149,chinese,$,4.0
Panda Express,Philadelphia,39.984891,-75.155445,19122,chinese,N/A,1.5
Panda Express,Philadelphia,39.95425,-75.16835,19103,chinese,$,3.0
Le Anh Chinese Food,Philadelphia,39.95064,-75.19533,19104,chinese,$,2.5
Chopstick House,Philadelphia,39.926769,-75.14621,19148,chinese,$,4.0
China Town Dollar,Philadelphia,39.9531936645508,-75.1558837890625,19107,chinese,N/A,3.5
New Number One Chinese Restaurant,Philadelphia,39.9551,-75.20856,19104,chinese,$,2.5
Pearl Chinese & Japanese Cuisine,Philadelphia,39.95059,-75.28068,19050,chinese,$$,3.0
Mandarin House,Philadelphia,39.9689697588625,-75.1346291263199,19123,chinese,$,3.0
Beijing Panda,Philadelphia,40.0034,-75.2067881,19131,chinese,$,1.5
17 Snyder Chinese,Philadelphia,39.9249,-75.17474,19145,chinese,$,3.0
China House,Philadelphia,39.9964294596194,-75.1393131539226,19133,chinese,N/A,5.0
Golden Dragon,Philadelphia,39.9738,-75.20457,19104,chinese,N/A,4.0
Zheng & Kee Chinese Restaurant,Philadelphia,39.9703551,-75.1502417,19123,chinese,N/A,4.0
China House II,Philadelphia,39.9107002,-75.2318729,19142,chinese,$,2.0
Ta Lee Chinese Take Out,Philadelphia,40.000614,-75.110207,19134,chinese,N/A,1.0
Little Kitchen,Philadelphia,40.0000840440678,-75.2284179915604,19131,chinese,$$,2.5
New Wong House,Philadelphia,40.0215945644163,-75.1482826265836,19140,chinese,$,5.0
Oishi Sushi Japanese & Chinese Food,Philadelphia,39.85706,-75.06399,08078,chinese,N/A,4.0
New Golden House,Philadelphia,40.0377922058105,-75.1761169433594,19144,chinese,$,4.0
Golden Bowl,Philadelphia,40.0061229694233,-75.2900573126892,19003,chinese,$$,3.5
Panda Express,Philadelphia,39.99257,-75.0978499,19134,chinese,$,2.0
Panda Restaurant,Philadelphia,39.95858,-75.06578,08110,chinese,$,4.5
Panda Express,Philadelphia,40.0300397243823,-75.099515536254,19124,chinese,$,2.5
Great Wall Chinese Food,Philadelphia,39.9290314,-75.1753922,19145,chinese,$,3.0
Aya Asian Fusion,Philadelphia,40.03695,-75.03991,19136,chinese,$$,3.5
No-1 China,Philadelphia,39.9797453,-75.2691335,19151,chinese,N/A,2.0
Panda Garden,Philadelphia,40.05467,-75.1939,19119,chinese,$,3.5
Classic Asia,Philadelphia,39.88215,-75.05934,08035,chinese,$$,4.5
Ruby Chinese Restaurant,Philadelphia,40.0442199193848,-75.2320256441894,19128,chinese,$,3.0
Lord's Favor,Philadelphia,39.9915441543802,-75.1221659778261,19134,chinese,$,5.0
Super Chinese,Philadelphia,40.0204,-75.11664,19120,chinese,$,4.5
Yee Garden,Philadelphia,40.02986,-75.08475,19124,chinese,N/A,3.5
Beijing,Philadelphia,40.01512,-75.10879,19124,chinese,$,4.5
No 1 Chinese Restaurant,Philadelphia,39.9642,-75.05707,08110,chinese,N/A,4.0
Golden City,Philadelphia,40.0112854,-75.1069324,19124,chinese,N/A,5.0
Lee's House,Philadelphia,39.94784,-75.26003,19082,chinese,$,2.5
Dou Hueng,Philadelphia,39.99675,-75.1778999,19132,chinese,N/A,2.0
Hunan Chinese Resturant,Philadelphia,39.922092,-75.087029,08108,chinese,N/A,5.0
Woksabi,Philadelphia,39.9167802,-75.0707158,08108,chinese,$$,3.5
Yuri Deli,Philadelphia,39.98099,-75.18233,19121,chinese,N/A,2.5
China Wok III,Philadelphia,39.89295167,-75.28371667,19032,chinese,N/A,3.0
Golden Place Chinese Restaurant,Philadelphia,39.9252898,-75.2802554,19018,chinese,$,3.5
Main Garden Chinese Restaurant,Philadelphia,40.03001,-75.13226,19120,chinese,N/A,3.5
Bo Wah,Philadelphia,39.91685,-75.23751,19142,chinese,N/A,3.0
Beijing Garden,Philadelphia,40.03057,-75.21138,19128,chinese,$,2.5
Panda Express,Philadelphia,39.936833,-75.045892,08002,chinese,N/A,2.5
Hong Kong Food Truck,Philadelphia,39.957122802734375,-75.19954681396484,19104,chinese,N/A,3.0
Panda Garden,Philadelphia,40.03755,-75.12989,19120,chinese,N/A,5.0
China Inn,Philadelphia,39.9721031188965,-75.2487716674805,19151,chinese,$,4.0
Eddies Chinese Restaurant,Philadelphia,39.99872,-75.12872,19134,chinese,N/A,3.0
Jade Palace,Philadelphia,40.0321,-75.106,19124,chinese,$,2.5
Peking Duck & Sushi Works,Philadelphia,39.903459,-75.04067,08033,chinese,$$,4.0
Mongolian Grill,Philadelphia,39.8902537,-75.2850669,19032,chinese,N/A,2.0
Golden Garden Chinese,Philadelphia,40.0523109436035,-75.0925598144531,19111,chinese,N/A,3.5
Silver Chopsticks,Philadelphia,40.0248947143555,-75.1474380493164,19141,chinese,N/A,3.0
Dragon City Restaurant,Philadelphia,40.0442837,-75.0858697,19111,chinese,$,3.0
King House,Philadelphia,39.92855,-75.11924,08104,chinese,N/A,3.0
Great Taste,Philadelphia,39.8915068441601,-75.0660428929566,08106,chinese,$,3.0
China Moon,Philadelphia,39.9133987426758,-75.2741241455078,19023,chinese,$,3.5
Peking Restaurant,Philadelphia,40.0047697,-75.1470471,19140,chinese,$,4.0
Hot Wok,Philadelphia,40.0063018798828,-75.1501617431641,19140,chinese,N/A,2.0
Imperial House,Philadelphia,39.96785,-75.28922,19082,chinese,$,3.5
Asian Yummy,Philadelphia,39.911802289959,-75.0540310519779,08108,chinese,$$,3.5
Golden Pearl Restaurant,Philadelphia,39.939426,-75.092872,08109,chinese,N/A,1.0
China Panda,Philadelphia,40.04995,-75.09492,19111,chinese,$,3.0
Great Wall,Philadelphia,40.0497954614656,-75.1422692213319,19141,chinese,N/A,1.0
Panda Chinese Restaurant,Philadelphia,40.034832,-75.0442963,19135,chinese,$,2.5
China Star,Philadelphia,39.99184,-75.11317,19134,chinese,$,2.5
Bei Jing,Philadelphia,39.9531256990608,-75.261427030821,19082,chinese,$,3.5
China Express,Philadelphia,39.949749,-75.148193,19106,chinese,N/A,1.0
China Express,Philadelphia,39.98951,-75.15588,19132,chinese,N/A,1.0
Panda House,Philadelphia,40.0312538146973,-75.0897598266602,19124,chinese,N/A,2.0
Golden China,Philadelphia,40.0368799,-75.08843,19111,chinese,$,3.5
China Bowl,Philadelphia,39.9866828918457,-75.1606903076172,19121,chinese,N/A,2.0
China City Restaurant,Philadelphia,40.0424880981445,-75.0749588012695,19149,chinese,N/A,2.5
Long Yuan Chinese Restaurant,Philadelphia,40.03147,-75.05419,19135,chinese,N/A,4.0
Lo Chinese Restaurant,Philadelphia,40.02211,-75.07725,19124,chinese,$,2.5
China 1,Philadelphia,39.9385095,-75.2724035,19050,chinese,N/A,1.0
Maki of Japan,Philadelphia,39.878776550293,-75.2423629760742,19153,chinese,$,2.5
Hot Wok,Philadelphia,40.04273,-75.12883,19120,chinese,N/A,2.5
No 1 China,Philadelphia,39.8926801,-75.28238,19032,chinese,$,1.5
Great Wall Restaurant,Philadelphia,40.0241814,-75.0461426,19135,chinese,N/A,3.0
Chow's Chinese Restaurant,Philadelphia,39.916815,-75.070022,08108,chinese,$,3.0
Hong Kong Chinese Restaurant,Philadelphia,39.90347,-75.28426,19036,chinese,$,3.0
Happy Garden,Philadelphia,40.0406456,-75.1441879,19141,chinese,N/A,3.0
No 1 China,Philadelphia,39.930172,-75.2952009,19018,chinese,$,2.5
Tai Won Chinese Restaurant,Philadelphia,40.00906,-75.10019,19124,chinese,$,3.0
New China,Philadelphia,39.9088565,-75.2841067,19036,chinese,$,2.5
No 1 Chinese Kitchen,Philadelphia,39.900891,-75.053177,08033,chinese,$$,3.0
Lansdowne Chinese Restaurant,Philadelphia,39.9384548658733,-75.2723349339402,19050,chinese,$,1.0
Parc,Philadelphia,39.9491724,-75.1707273,19103,french,$$$,4.0
The Wayward,Philadelphia,39.9509148952045,-75.1595963537693,19107,french,N/A,4.5
Gabi,Philadelphia,39.95925,-75.16151,19102,french,$$,4.5
Townsend,Philadelphia,39.951097,-75.176542,19103,french,$$$,4.5
Forsythia,Philadelphia,39.9487067926056,-75.1453940570354,19106,french,N/A,4.5
Creme Brulee Bistro & Cafe,Philadelphia,39.9259730399126,-75.1527614380684,19148,french,$$,4.5
Laurel,Philadelphia,39.9294204711914,-75.1637115478516,19148,french,$$$$,4.5
Café Lutecia,Philadelphia,39.9465999,-75.17958,19146,french,$$,4.0
The Good King Tavern,Philadelphia,39.941969,-75.154207,19147,french,$$,4.0
Felly Bistro On Pass,Philadelphia,39.938816,-75.152367,19147,french,N/A,4.5
Bistrot La Minette,Philadelphia,39.9414622968223,-75.1523852348328,19147,french,$$$,4.5
Bibou,Philadelphia,39.936503156566,-75.1566941458726,19147,french,$$$,4.5
Vintage Wine Bar & Bistro,Philadelphia,39.9495544433594,-75.1617584228516,19107,french,$$,4.0
Amuse,Philadelphia,39.9546542,-75.1639365,19102,french,$$$,3.5
Artisan Boulanger Patissier,Philadelphia,39.9264181,-75.1664513,19148,french,$,4.5
Le Caveau,Philadelphia,39.9417309202983,-75.1541846618056,19147,french,N/A,5.0
Chez Ben,Philadelphia,39.9490604639315,-75.1477326080203,19106,french,N/A,3.5
Chez Colette,Philadelphia,39.9507208156525,-75.1689343926239,19103,french,$$,3.5
Liberté Lounge,Philadelphia,39.950802,-75.1690105,19103,french,$$,3.0
Bistro Perrier at Walnut Hill College,Philadelphia,39.95512,-75.20747,19104,french,$$,4.0
Zorba's Taverna,Philadelphia,39.96712,-75.1749,19130,greek,$$,4.5
Moustaki Authentic Gyros,Philadelphia,39.95755,-75.17403,19103,greek,$$,4.0
Estia,Philadelphia,39.9483920508164,-75.1653502257588,19102,greek,$$$,4.0
Kanella Grill,Philadelphia,39.94631,-75.15798,19107,greek,$$,4.0
Yiro Yiro,Philadelphia,39.9617950000087,-75.1575049999638,19104,greek,$$,4.5
Kostas Bar Restaurant,Philadelphia,39.9688263,-75.1351395,19123,greek,$$,4.5
Yeeroh,Philadelphia,39.9434878717641,-75.1661349087954,19146,greek,$$,4.0
Greek Lady,Philadelphia,39.9534811107114,-75.2029253183611,19104,greek,$,3.5
Bitar's,Philadelphia,39.93465,-75.16026,19147,greek,$,4.5
Opa,Philadelphia,39.9499818692831,-75.1624407578698,19107,greek,$$,3.5
South Street Souvlaki,Philadelphia,39.9420319,-75.1511078,19147,greek,$$,4.0
Effie's Restaurant,Philadelphia,39.94517,-75.16061,19107,greek,$$,3.5
Yiro Yiro,Philadelphia,40.0325946537825,-75.2143289330606,19128,greek,$$,4.5
Mad Greek Restaurant and Pizza,Philadelphia,39.95854,-75.19297,19104,greek,$,3.5
Smiley's Cafe,Philadelphia,40.0248,-75.22145,19127,greek,$,4.5
Paradise Diner,Philadelphia,39.96871,-75.13649,19123,greek,$,4.5
Zesty's,Philadelphia,40.02564,-75.22445,19127,greek,$$,3.5
Olympia Gyro,Philadelphia,39.9537588,-75.1588474,19107,greek,N/A,4.0
St. George's Greek Festival,Philadelphia,39.94618,-75.15465,19107,greek,N/A,3.0
Angelo's Pizza House,Philadelphia,40.00374,-75.09401,19124,greek,$$,4.0
Kurry Shack,Philadelphia,39.95260992735051,-75.1757499575615,19103,indpak,N/A,5.0
Haveli Virasat,Philadelphia,39.95767,-75.20379,19104,indpak,N/A,5.0
Thanal Indian Tavern,Philadelphia,39.95585,-75.17252,19103,indpak,$$,4.5
Veda - Modern Indian Bistro,Philadelphia,39.95176,-75.17225,19103,indpak,$$,4.0
IndeBlue,Philadelphia,39.9485389,-75.1620259,19107,indpak,$$,4.5
Ateethi Rittenhouse,Philadelphia,39.951363,-75.175065,19103,indpak,N/A,4.0
Bombay Dhabba - Philadelphia,Philadelphia,39.956827,-75.194221,19104,indpak,N/A,5.0
Masala Kitchen: Kati Rolls & Platters,Philadelphia,39.95189,-75.1738,19103,indpak,N/A,4.5
Amma's South Indian Cuisine,Philadelphia,39.95089,-75.16643,19102,indpak,$$,4.0
Masala Kitchen Kati Rolls and Platters,Philadelphia,39.9491761,-75.159714,19107,indpak,$,4.0
Twisted Indian Wraps,Philadelphia,39.96609351243838,-75.19101073372957,19104,indpak,N/A,5.0
Lazeez Indian cuisine,Philadelphia,39.93953,-75.15592,19147,indpak,N/A,4.5
Kurry Shack,Philadelphia,39.9713152821887,-75.16742035746574,19130,indpak,N/A,5.0
Desi Chaat House,Philadelphia,39.94966,-75.2068,19104,indpak,$,4.0
Samosa Vegetarian,Philadelphia,39.94875,-75.1613,19107,indpak,$,4.5
Little Sicily 2,Philadelphia,39.926519,-75.14569,19148,indpak,$,4.5
Kabobeesh,Philadelphia,39.9563046,-75.2064678,19104,indpak,$$,3.5
Sitar India,Philadelphia,39.9556956060509,-75.1985801107948,19104,indpak,$$,4.0
Karma Restaurant & Bar,Philadelphia,39.948175,-75.14313,19106,indpak,$$,4.0
The Royal Indian Cuisine,Philadelphia,39.948365,-75.1744997,19103,indpak,N/A,4.0
Halal Kabab and Curry,Philadelphia,39.9516594,-75.2659597,19082,indpak,$,3.5
Tiffin - Mount Airy,Philadelphia,40.05306,-75.19568,19119,indpak,$$,3.0
Azaad Foods,Philadelphia,40.0402984619141,-75.0761642456055,19149,indpak,$,4.0
Indiya,Philadelphia,39.9166829,-75.0709433,08108,indpak,$$,4.0
Nanee's Kitchen,Philadelphia,39.953162,-75.1591,19107,indpak,$,2.5
Desi Halal Corner,Philadelphia,39.95612317,-75.25767867,19082,indpak,N/A,4.5
Dana Mandi 2,Philadelphia,39.95406,-75.25841,19082,indpak,$,4.0
Indian Food Truck,Philadelphia,39.9542337656021,-75.1978024095297,19104,indpak,$,2.0
Tiffin Wynnewood,Philadelphia,40.0017065835458,-75.2742501819091,19096,indpak,$$,3.0
Desi Food Junction,Philadelphia,39.95352,-75.04435,08109,indpak,N/A,2.5
New Delhi Dhabba,Philadelphia,39.9615037,-75.2587603,19142,indpak,N/A,1.5
Barbuzzo,Philadelphia,39.94999,-75.16216,19107,italian,$$,4.5
Gran Caffe L'Aquila,Philadelphia,39.95127,-75.1695,19103,italian,$$,4.5
Little Nonna's,Philadelphia,39.9477864380196,-75.1618928090843,19107,italian,$$,4.0
Trattoria Carina,Philadelphia,39.94878,-75.17803,19103,italian,$$,4.5
Burrata,Philadelphia,39.9339252433408,-75.1652430742979,19147,italian,$$,4.5
Via Locusta,Philadelphia,39.9490553,-75.1704201,19103,italian,$$$,4.5
Ambrosia Ristorante BYOB,Philadelphia,39.94997,-75.1796,19103,italian,N/A,4.5
DaMò Pasta Lab,Philadelphia,39.95022,-75.16006,19107,italian,$$,4.5
Cotoletta Fitler Square,Philadelphia,39.94749,-75.17915,19103,italian,N/A,4.0
A Mano,Philadelphia,39.9671153197102,-75.1753409206867,19130,italian,$$$,4.5
Vetri Cucina,Philadelphia,39.94659,-75.16319,19107,italian,$$$$,4.5
Osteria,Philadelphia,39.965015,-75.161076,19130,italian,$$$,4.0
Davios,Philadelphia,39.9508994,-75.1687058,19103,italian,$$$,4.0
Wm Mulherin's Sons,Philadelphia,39.9717102050781,-75.1350631713867,19122,italian,$$$,4.5
Pizzeria Vetri,Philadelphia,39.960888,-75.171213,19130,italian,$$,4.0
Fiorella,Philadelphia,39.9388677767588,-75.156939,19147,italian,N/A,4.5
Giorgio On Pine,Philadelphia,39.945339381185,-75.164454458833,19107,italian,$$,4.0
The Angelo Pizza,Philadelphia,39.950276,-75.144696,19106,italian,N/A,4.5
Pizzeria Vetri,Philadelphia,39.9494108300057,-75.1686977423011,19103,italian,$$,4.0
L'Angolo Ristorante,Philadelphia,39.9196243286133,-75.1713714599609,19145,italian,$$,4.5
Dante & Luigi's,Philadelphia,39.9400687844998,-75.159422962926,19147,italian,$$,4.0
Tortorice’s,Philadelphia,39.949546,-75.1738277,19103,italian,N/A,4.5
Square Pie,Philadelphia,39.9385803937912,-75.1527936011553,19147,italian,$$,4.5
Maggiano's Little Italy,Philadelphia,39.9531249,-75.1598201,19107,italian,$$,3.5
Villa Di Roma,Philadelphia,39.9379266053438,-75.1581204682589,19147,italian,$$,4.0
Modena Italian Kitchen,Philadelphia,39.966148393347815,-75.19100210205957,19104,italian,N/A,5.0
LaScala's Birra,Philadelphia,39.9286739095549,-75.165093275115,19148,italian,$$,4.0
Pizzeria Stella,Philadelphia,39.9424247094494,-75.1456823945045,19147,italian,$$,4.0
Le Virtu,Philadelphia,39.926032,-75.1678,19148,italian,$$$,4.0
Panorama,Philadelphia,39.950218,-75.142308,19106,italian,$$$,4.0
L'anima,Philadelphia,39.9394700802366,-75.1711999252439,19146,italian,$$,4.0
Saloon Restaurant,Philadelphia,39.93989,-75.1546,19147,italian,$$$,4.5
Spasso Italian Grill,Philadelphia,39.94868,-75.1428,19106,italian,$$,4.0
Bar Amis,Philadelphia,39.8965991,-75.1755436,19112,italian,$$,3.5
Noir Restaurant & Bar,Philadelphia,39.9263,-75.16741,19148,italian,$$,4.5
LaScala's Fire,Philadelphia,39.94963,-75.15166,19106,italian,N/A,4.0
Bistro Romano,Philadelphia,39.9419372504695,-75.14468348843,19147,italian,$$,4.0
Rustica,Philadelphia,39.9642143249512,-75.1404724121094,19123,italian,$,4.0
Alice Pizza,Philadelphia,39.95181,-75.161165,19107,italian,N/A,5.0
Palizzi Filippo Social Club,Philadelphia,39.93215,-75.16442,19147,italian,$$$,4.5
The QUICK FIXX,Philadelphia,39.944064,-75.1676029,19146,italian,$$,4.0
Lee's Market,Philadelphia,39.9623033162159,-75.1940774917603,19104,italian,$,4.5
Fairmount Pizza and Grill,Philadelphia,39.96701,-75.17036,19130,italian,$$,3.5
PrimoHoagies,Philadelphia,39.9523626788794,-75.1750177145004,19103,italian,$,4.0
Monster Vegan,Philadelphia,39.94685,-75.16221,19107,italian,N/A,5.0
Pescatore,Philadelphia,40.0047799,-75.2324,19004,italian,$$$,4.0
D'angelo's Ristorante Italiano,Philadelphia,39.94871,-75.17442,19103,italian,$$$,3.5
Chiquita's Pizzeria & Mexican Grill,Philadelphia,39.92288,-75.1596,19148,italian,N/A,5.0
Marra's,Philadelphia,39.92798,-75.16596,19148,italian,$$,3.0
Santucci's Original Square Pizza,Philadelphia,39.9390394,-75.159227,19147,italian,$$,3.5
Mr Martino's Trattoria,Philadelphia,39.929019,-75.164705,19148,italian,$$,4.0
Porcini,Philadelphia,39.951348,-75.1751139,19103,italian,$$,3.5
Caffe Ida,Philadelphia,39.924223,-75.175689,19145,italian,$,5.0
La Scala’s,Philadelphia,39.95425,-75.16835,19103,italian,N/A,2.5
Mari BYO,Philadelphia,39.938005571261,-75.1481305807829,19147,italian,N/A,5.0
Ristorante Mamma Maria's,Philadelphia,39.92909,-75.16406,19148,italian,$$,3.5
Barrel's Fine Food,Philadelphia,39.9228057861328,-75.1759490966797,19145,italian,$$,4.0
Il Bar,Philadelphia,39.95024,-75.14231,19106,italian,$$,4.5
Ms Molly’s Kitchen,Philadelphia,39.996073,-75.172931,19132,italian,N/A,4.5
Zeppoli,Philadelphia,39.910702,-75.084456,08107,italian,$$$,4.0
LaScala's Birra,Philadelphia,39.9275499,-75.0673838,08109,italian,$$,4.0
La Viola Ovest,Philadelphia,39.9479728192091,-75.1679581403732,19102,italian,$$,3.5
Bellini Grill,Philadelphia,39.949084,-75.167867,19102,italian,$$,3.0
P&S Ravioli Company,Philadelphia,39.917293548584,-75.1771087646484,19145,italian,$,4.0
Cacia's Bakery,Philadelphia,39.9209373,-75.1731796,19145,italian,$,4.0
Slice,Philadelphia,39.9707126659431,-75.1297071576118,19125,italian,$$,3.5
Allegro Pizza,Philadelphia,39.95139,-75.20295,19104,italian,$,3.0
Uncle Oogie's,Philadelphia,39.9212723,-75.1466446,19148,italian,$$,3.5
Anthony's Coal Fired Pizza,Philadelphia,40.000879,-75.272832,19096,italian,$$,3.5
Mr Joe's Cafe,Philadelphia,39.9299201965332,-75.1584320068359,19147,italian,$$,4.5
Zio's Brick Oven Pizzeria,Philadelphia,39.95008,-75.16167,19107,italian,$,3.5
Slice,Philadelphia,39.934678,-75.160539,19147,italian,$$,3.5
J&J South Philly Pizza,Philadelphia,39.9345041066408,-75.1587527990341,19147,italian,$$,2.5
Bronze Table,Philadelphia,39.949747,-75.148196,19106,italian,N/A,4.0
Eds Buffalo Wings and Pizza,Philadelphia,39.9584,-75.19281,19104,italian,$,3.0
Little Italy Philadelphia,Philadelphia,39.9559288,-75.1574567,19107,italian,N/A,4.0
Speranza,Philadelphia,39.8709332,-75.127014,08093,italian,$$,4.0
Little Italy Pizza,Philadelphia,39.942855,-75.157207,19147,italian,$,3.5
Three Countries Pizzeria,Philadelphia,39.9321,-75.1723,19146,italian,N/A,2.5
Franco & Giuseppe Cucina Italiana,Philadelphia,39.96792011389167,-75.28958994895218,19082,italian,N/A,4.5
Zaccone's Restaurant,Philadelphia,40.040781,-75.0478131,19149,italian,$$,3.5
Club Adesso,Philadelphia,39.9499015808105,-75.1668548583984,19102,italian,$$$,2.5
Pizza Boli's,Philadelphia,40.0058098,-75.1016006,19124,italian,$$,3.0
3 Brothers Pizza & Pasta,Philadelphia,39.987659,-75.098389,19134,italian,N/A,4.5
Johnnie's Italian Restaurant,Philadelphia,40.0227546691895,-75.0634384155273,19135,italian,$$,4.0
Frank's Spaghetti House,Philadelphia,40.05618,-75.06185,19152,italian,$$,3.5
Isabella Pizza,Philadelphia,39.9271608,-75.1668506,19148,italian,$$,3.0
Italian Kitchen,Philadelphia,39.9864213427882,-75.2479510009289,19151,italian,$,3.0
Daiva's Grille,Philadelphia,40.04137,-75.22615,19128,italian,$,3.5
Ozzy's Pizza Shop,Philadelphia,40.00021,-75.12467,19134,italian,N/A,4.5
Tre Famiglia,Philadelphia,39.9031,-75.03916,08033,italian,$$,4.0
Romarco's,Philadelphia,39.9325825219426,-75.2891798012581,19018,italian,$$,3.5
Cucina Italiana,Philadelphia,39.9552741947547,-75.1821326658617,19104,italian,N/A,2.5
Nunzio,Philadelphia,39.91578,-75.06887,08108,italian,$$,4.0
Mediterranio pizza,Philadelphia,39.92562,-75.16843,19148,italian,N/A,2.5
Not Just Pizza,Philadelphia,39.92135,-75.16517,19148,italian,$,2.5
Montegrillo Pizza & Restaurant,Philadelphia,39.96174,-75.06099,08110,italian,$$,4.0
Trios Fresh Italian,Philadelphia,39.9708036,-75.157756,19123,italian,N/A,1.0
Montesini Pizza,Philadelphia,40.028999,-75.0571615,19149,italian,$,4.0
GREEN LEAF'S BANANAS,Philadelphia,39.8754077174871,-75.2382391131602,19153,italian,N/A,3.5
Ralph's Pizza & Francesca's Room,Philadelphia,39.88254,-75.05772,08035,italian,$$,4.0
Baby Boss Pizza and Grill,Philadelphia,40.02877,-75.03912,19135,italian,N/A,3.5
Allencias's Italian Sausage & Grill,Philadelphia,39.869602,-75.0446,08045,italian,N/A,5.0
Joe's Pizza,Philadelphia,39.940551,-75.052618,08002,italian,$,4.5
Fiesta Pizza II,Philadelphia,40.030046608268,-75.206349503462,19128,italian,$,3.0
CIBO Bistro Wine Bar,Philadelphia,39.875016,-75.243913,19153,italian,$$,3.0
Mezzogiorno,Philadelphia,39.8739945618154,-75.2439700294304,19153,italian,$$,2.5
Boston Style Pizza,Philadelphia,39.98416,-75.27562,19096,italian,$$,3.0
Dave's Pizza & Pasta,Philadelphia,39.904617,-75.29355,19036,italian,$,4.0
Slices and More,Philadelphia,39.9617719,-75.2604101,19082,italian,$,3.5
Deluxe Italian Bakery,Philadelphia,39.85318,-75.06631,08078,italian,$,4.0
Genova Pizzeria,Philadelphia,39.899692,-75.069429,08106,italian,$,3.5
Time Out Sports Restaurant & Entertainment,Philadelphia,39.8728561401367,-75.0453720092773,08007,italian,N/A,4.0
Nick & Joe's Pizzeria,Philadelphia,39.90194,-75.06376,08108,italian,$$,3.5
Randazzo's Pizzeria,Philadelphia,39.9109116,-75.0841522,08107,italian,N/A,2.5
Toscanini Grill and Pizza,Philadelphia,39.98391,-75.11989,19125,italian,N/A,3.0
Bravo Pizza II,Philadelphia,40.0303798,-75.1456348,19141,italian,$,2.5
Vero Pizzeria,Philadelphia,39.86507,-75.07989,08031,italian,N/A,4.0
Carosello Pizza & Pasta,Philadelphia,39.85706,-75.06399,08078,italian,$$,4.0
Roman's Pizza,Philadelphia,40.039176,-75.223424,19128,italian,$$,2.5
Double Knot,Philadelphia,39.94967830824,-75.162026185185,19107,japanese,$$,4.5
QU JAPAN BISTRO & BAR,Philadelphia,39.953712,-75.168052,19103,japanese,$$,4.5
Morimoto,Philadelphia,39.9496652298936,-75.1532727008282,19106,japanese,$$$$,4.5
Umai Umai,Philadelphia,39.96467,-75.17407,19130,japanese,$$,4.5
Maple Japanese Ramen,Philadelphia,39.952219,-75.175641,19103,japanese,$$,4.5
Fat Salmon,Philadelphia,39.9481899,-75.15338,19106,japanese,$$,4.0
Terakawa Ramen,Philadelphia,39.9553986,-75.15448,19107,japanese,$$,4.0
Ninja Bao,Philadelphia,39.95350093551661,-75.16588790270978,19102,japanese,N/A,4.5
Hikari Sushi,Philadelphia,39.9669652,-75.1410932,19123,japanese,$$,5.0
Zhi izakaya,Philadelphia,39.955562,-75.154472,19107,japanese,N/A,4.0
Poke Burri,Philadelphia,39.94675,-75.15756,19107,japanese,N/A,5.0
Doma,Philadelphia,39.9602999,-75.16924,19130,japanese,$$,4.0
Bubblefish,Philadelphia,39.95369,-75.15513,19107,japanese,$$,4.0
Royal Sushi & Izakaya,Philadelphia,39.93802,-75.14662,19147,japanese,$$,4.5
Terakawa Ramen,Philadelphia,39.954715358369,-75.202095285058,19104,japanese,$$,4.0
Hajimaru Fishtown,Philadelphia,39.9688731,-75.133491,19125,japanese,$$,4.5
Hiroki,Philadelphia,39.9711593,-75.1353356,19122,japanese,$$$$,4.0
Neighborhood Ramen,Philadelphia,39.94088,-75.14743,19147,japanese,$$,4.0
Fuji Mountain,Philadelphia,39.95196,-75.17478,19103,japanese,$$,4.0
Tuna Bar,Philadelphia,39.953949,-75.1432262,19106,japanese,$$,4.0
Sushi Poke,Philadelphia,39.943271,-75.163744,19147,japanese,N/A,5.0
Hayashi Sushi & Poke,Philadelphia,39.948249,-75.2169454,19143,japanese,$$,4.5
Shiroi Hana,Philadelphia,39.94883,-75.16632,19102,japanese,$$,4.0
Koja Grille,Philadelphia,39.977972,-75.158453,19121,japanese,$,3.5
Fat tuna,Philadelphia,39.995602,-75.233841,19131,japanese,N/A,4.0
Ramen Bar,Philadelphia,39.9575513,-75.1920144,19104,japanese,$$,3.5
Kyoto Japan,Philadelphia,39.9215899,-75.1468976,19148,japanese,$$,4.0
Tampopo,Philadelphia,39.953228,-75.2102489,19104,japanese,$$,3.5
Nigiyaka Na,Philadelphia,39.925621821719,-75.1623834750315,19148,japanese,$$,3.5
U-Town,Philadelphia,39.9549740920251,-75.2025566533018,19104,japanese,$$,3.5
Seiko Japanese Restaurant,Philadelphia,39.9612121,-75.1415708,19123,japanese,$$,4.0
Kurry Korner,Philadelphia,39.95517,-75.15667,19107,japanese,$$,4.0
KASUMI SUSHI,Philadelphia,39.91026,-75.18682,19145,japanese,$$,4.0
Nori Sushi,Philadelphia,39.94404,-75.1700199,19146,japanese,$$,4.0
Zama,Philadelphia,39.9508972167969,-75.1724014282227,19103,japanese,$$$,3.5
Gachi Sushi and Noodle,Philadelphia,39.89514,-75.228996,19153,japanese,$$,4.0
Sagami,Philadelphia,39.92116,-75.08756,08108,japanese,$$,4.5
@Ramen,Philadelphia,40.025762,-75.223853,19127,japanese,$$,4.0
Kai Japanese Cuisine,Philadelphia,39.9509811,-75.1570587,19107,japanese,$$,4.5
1225Raw Sushi and Sake Lounge,Philadelphia,39.9498493,-75.1615489,19107,japanese,$$,3.5
Futomaki,Philadelphia,39.891652,-75.088323,08106,japanese,N/A,4.5
Gachi Sushi and Noodle,Philadelphia,39.874253,-75.251319,19153,japanese,N/A,3.5
Pearl Chinese & Japanese Cuisine,Philadelphia,39.95059,-75.28068,19050,japanese,$$,3.0
Ginza Sushi Hibachi Steak House,Philadelphia,39.944738,-75.296639,19026,japanese,N/A,5.0
Sea Soul,Philadelphia,40.03724,-75.118674,19120,japanese,N/A,2.0
Little Kitchen,Philadelphia,40.0000840440678,-75.2284179915604,19131,japanese,$$,2.5
Herosame,Philadelphia,39.9937355183032,-75.2978800121183,19003,japanese,$$,4.0
Sakura Teriyaki,Philadelphia,39.96396,-75.26823,19082,japanese,N/A,3.0
Sakana,Philadelphia,40.0063349258845,-75.2906735613942,19003,japanese,N/A,5.0
Noobar,Philadelphia,39.875104,-75.243642,19153,japanese,$$,3.0
Benihana,Philadelphia,39.933835,-75.066791,08109,japanese,$$$,2.5
Oishi Sushi Japanese & Chinese Food,Philadelphia,39.85706,-75.06399,08078,japanese,N/A,4.0
Mikado Thai Pepper Restaurant,Philadelphia,40.00655,-75.28888,19003,japanese,$$,3.5
Classic Asia,Philadelphia,39.88215,-75.05934,08035,japanese,$$,4.5
Dream House Asian Bistro,Philadelphia,40.03438505088,-75.216117126152,19128,japanese,$$,3.0
O'Bento Sushi & Catering,Philadelphia,39.9533805847168,-75.1715774536133,19103,japanese,$$,2.0
Watami Sushi,Philadelphia,39.8651098,-75.0550157,08007,japanese,N/A,4.0
Ginza Japanese & Asian Restaurant,Philadelphia,39.8517756,-75.0738671,08078,japanese,$$,3.5
Woksabi,Philadelphia,39.9167802,-75.0707158,08108,japanese,$$,3.5
Peking Duck & Sushi Works,Philadelphia,39.903459,-75.04067,08033,japanese,$$,4.0
Picanha Brazilian Steakhouse,Philadelphia,39.94750233,-75.159641,19107,brazilian,N/A,4.5
Fogo de Chao Brazilian Steakhouse,Philadelphia,39.9509166,-75.1629711,19107,brazilian,$$$,4.0
Chima Steakhouse,Philadelphia,39.954773,-75.172639,19103,brazilian,$$$,3.5
The Taste of Brazil - Philadelphia,Philadelphia,40.0334647,-75.0720322,19149,brazilian,$$,3.5
Picanha Brazilian Steakhouse,Philadelphia,40.040622,-75.075808,19149,brazilian,$$,3.5
Brazilian Pizza Philly,Philadelphia,40.05501,-75.06299,19152,brazilian,N/A,4.0
Tropicana Restaurant,Philadelphia,40.0394172668457,-75.0778961181641,19149,brazilian,N/A,5.0
Ipanema Sports Bar and Grill,Philadelphia,40.05549,-75.06254,19152,brazilian,N/A,2.0
Cantinho Brasileiro Restaurante,Philadelphia,40.0554008483887,-75.062629699707,19152,brazilian,$,3.0
Supreme Pizzeria & Bakery,Philadelphia,40.05492,-75.06308,19152,brazilian,N/A,2.0
Juno,Philadelphia,39.96196,-75.15564,19123,mexican,N/A,4.0
El Vez,Philadelphia,39.9497020026001,-75.1617702841759,19107,mexican,$$,4.0
Condesa,Philadelphia,39.9525556202671,-75.170705650367,19103,mexican,$$,4.0
South Philly Barbacoa,Philadelphia,39.935354,-75.158801,19147,mexican,$,4.5
Mission Taqueria,Philadelphia,39.9502217061968,-75.1665529981256,19102,mexican,$$,4.0
Lolita,Philadelphia,39.950080871582,-75.16206354826,19107,mexican,$$,4.0
La Calaca Feliz,Philadelphia,39.96769,-75.17607,19130,mexican,$$,4.0
Tortilleria San Roman,Philadelphia,39.937636,-75.1580824734097,19147,mexican,$,5.0
El Purepecha,Philadelphia,39.9581334616137,-75.158424898982,19107,mexican,$,4.5
Rosy's Taco Bar,Philadelphia,39.9508956186308,-75.1783671230078,19103,mexican,$$,4.0
La Mula Terca,Philadelphia,39.926092,-75.1820392535737,19145,mexican,$$,4.5
Tacodelphia,Philadelphia,39.9448608450754,-75.1652079004236,19147,mexican,$,4.0
El Bocado,Philadelphia,39.936367,-75.155403,19147,mexican,N/A,5.0
México Lindo,Philadelphia,39.92639,-75.15753,19148,mexican,$,4.5
Buena Onda,Philadelphia,39.9609147337301,-75.1708267829422,19130,mexican,$$,4.0
Philly Tacos,Philadelphia,39.93435,-75.17773,19146,mexican,$$,4.5
Revolution Taco,Philadelphia,39.95083,-75.1743,19103,mexican,$$,4.0
Encima,Philadelphia,39.9512983693832,-75.1706467196345,19103,mexican,N/A,4.5
la bamba,Philadelphia,39.93868,-75.15321,19147,mexican,N/A,5.0
Los Gallos Mexican Taqueria,Philadelphia,39.9211192554682,-75.1632766117889,19148,mexican,$$,4.5
Tio Flores,Philadelphia,39.9440474063158,-75.1689760386944,19146,mexican,$$,3.5
Café y Chocolate,Philadelphia,39.924584,-75.172672,19145,mexican,$$,4.5
Lavish,Philadelphia,39.96771,-75.21011,19104,mexican,N/A,4.0
Los Cuatro Soles,Philadelphia,39.9284853,-75.1730346679688,19145,mexican,$$,4.5
Frida Cantina,Philadelphia,39.92086,-75.16356,19148,mexican,$$,4.5
Las Cazuelas Restaurant BYOB,Philadelphia,39.9698623,-75.1439919,19123,mexican,$$,4.0
El Guero  Mexican Food Truck,Philadelphia,39.979772,-75.154683,19122,mexican,N/A,5.0
Taqueria Don Chucho,Philadelphia,39.92369,-75.16594,19148,mexican,N/A,5.0
La Virgen De Las Nieves,Philadelphia,39.9255887618641,-75.1592664420605,19148,mexican,$,4.5
Cafe Ynez,Philadelphia,39.9394117528025,-75.177328118915,19146,mexican,$$,4.5
Teresa's Mesa,Philadelphia,39.93947,-75.14581,19147,mexican,$$,4.5
Taco Riendo,Philadelphia,39.9715042114258,-75.1445083618164,19122,mexican,$,4.0
Izlas Latin Cuisine,Philadelphia,39.992361,-75.13557,19133,mexican,N/A,5.0
Restaurant Catracho,Philadelphia,39.96191,-75.15493,19123,mexican,N/A,3.5
Adelita Taqueria & Restaurant,Philadelphia,39.936,-75.15868,19147,mexican,$$,4.5
Tacos Don Memo,Philadelphia,39.951988,-75.199123,19104,mexican,$,4.5
Dos Hermanos Tacos,Philadelphia,39.9556116,-75.1904405,19104,mexican,$,4.5
Taqueria La Raza,Philadelphia,39.999439239502,-75.1342391967773,19133,mexican,$,4.0
Rosarios Pizzeria,Philadelphia,39.93449,-75.16932,19146,mexican,$$,4.0
Mole Poblano Restaurant,Philadelphia,39.93522,-75.158815,19147,mexican,$$,4.5
Tacos California,Philadelphia,39.936457995684,-75.1569402962923,19147,mexican,$$,3.5
Mexi-Talian Grill Restaurant,Philadelphia,39.9418646,-75.1498278,19147,mexican,N/A,4.5
District Taco,Philadelphia,39.9516488,-75.1591482,19107,mexican,$$,3.0
La Marqueza - Food Truck,Philadelphia,39.9610084469077,-75.1666989129352,19130,mexican,$,4.5
Lorenzos Cabana,Philadelphia,39.8706901562271,-75.1267587017456,08093,mexican,N/A,4.5
Xochitl,Philadelphia,39.9428834,-75.1455958,19147,mexican,$$$,3.5
Las Lomas Restaurant,Philadelphia,39.934593,-75.158661,19147,mexican,$,4.0
4 Seasons Grill Mexican Restaurant,Philadelphia,40.0027509,-75.1241868,19134,mexican,N/A,4.0
Casa México,Philadelphia,39.9354931854262,-75.158744,19147,mexican,N/A,4.5
DOHO Taqueria,Philadelphia,40.04981,-75.184849,19119,mexican,N/A,5.0
Sueno,Philadelphia,39.9498246,-75.1604325,19107,mexican,N/A,3.0
Ortlieb's,Philadelphia,39.964552583387,-75.142451269012,19123,mexican,$,4.0
Iztaccihuatl,Philadelphia,39.9352,-75.15733,19147,mexican,$,3.5
Tacos El Rodeo,Philadelphia,39.9368281572815,-75.1602197256065,19147,mexican,$,4.5
Guy Fieri's Taco Joint,Philadelphia,39.909395,-75.164598,19148,mexican,N/A,2.0
Mexican Post Express,Philadelphia,39.956165986516,-75.166372970993,19103,mexican,$$,3.0
The Avocado Mexican Grill,Philadelphia,39.853926,-75.074964,08078,mexican,N/A,5.0
Los Potrillos,Philadelphia,40.012409,-75.112385,19124,mexican,N/A,4.0
Los Taquitos de Puebla ,Philadelphia,39.93413,-75.15879,19147,mexican,$,3.5
Food Reyes,Philadelphia,39.9176017561626,-75.0967535376549,08107,mexican,N/A,5.0
El Buen sazón Restaurante guatemalan and Mexican grill,Philadelphia,39.9445551302745,-75.2966022491455,19026,mexican,$$,4.5
Barcade,Philadelphia,39.9673696,-75.1345292,19123,mexican,$$,3.5
La Catrachita Food Truck,Philadelphia,39.933874036109,-75.1583071211027,19147,mexican,N/A,5.0
La Roca,Philadelphia,40.02353,-75.21975,19127,mexican,$$,3.5
Dimension Latin Grill,Philadelphia,40.05262,-75.06522,19152,mexican,N/A,4.5
Los Tacos,Philadelphia,40.029,-75.1324099,19120,mexican,$$,3.5
Los Compadres,Philadelphia,39.9553865,-75.1910637,19145,mexican,$,4.0
Taqueria La Calpeña,Philadelphia,39.948844909668,-75.088264465332,08105,mexican,$$,4.5
El Bochinche Restaurante,Philadelphia,40.027,-75.13302,19120,mexican,$,3.0
QDOBA Mexican Eats,Philadelphia,39.9785404,-75.158377,19123,mexican,$,3.0
Los Chulos,Philadelphia,39.9330688885964,-75.0652908906341,08109,mexican,$$,4.5
La Tentacion Pizza & Mexican Grill,Philadelphia,39.8638,-75.132076,08093,mexican,$$,4.5
El Toro Lounge,Philadelphia,39.9694999,-75.21182,19104,mexican,$,3.5
Chipotle Mexican Grill,Philadelphia,39.9572771,-75.1914083,19104,mexican,$,2.0
Panadería Mexicana El Trebol,Philadelphia,40.02854,-75.1325899,19120,mexican,N/A,4.5
El Monte Mayor,Philadelphia,39.9077619847126,-75.0969999097235,08104,mexican,N/A,4.5
Jalapeños Grill &' Bar,Philadelphia,39.89393,-75.12715,08030,mexican,N/A,4.0
La Casa Del Buen Gusto,Philadelphia,39.99729,-75.11746,19134,mexican,N/A,1.0
Jalapenos Grill 2,Philadelphia,39.90089,-75.07547,08107,mexican,$$,4.0
Las Rancheritas,Philadelphia,40.0118598937988,-75.1361312866211,19140,mexican,N/A,3.0
Burrito Elito,Philadelphia,39.8955268859863,-75.228385925293,19153,mexican,$,3.0
Taco Bell,Philadelphia,39.9550738751219,-75.1898253191467,19104,mexican,$,4.0
El Sazon de Puebla,Philadelphia,39.9630654,-75.2643489,19082,mexican,$$,3.5
Tienda Y Taqueria El Pueblito,Philadelphia,39.95496,-75.25877,19082,mexican,N/A,4.0
Chipotle Mexican Grill,Philadelphia,40.0075055544655,-75.2122489840441,19131,mexican,$,3.0
Lucky's Mexican Spot Food Truck,Philadelphia,39.951048,-75.197272242022,19104,mexican,$,3.0
San Pedro Tierra Mexican,Philadelphia,39.8652763366699,-75.0784683227539,08031,mexican,$,4.0
Little Jalapeno,Philadelphia,39.872343,-75.050674,08007,mexican,N/A,4.5
Guapos Tacos,Philadelphia,39.9541859225867,-75.1664185523987,19103,mexican,$,2.0
Taco Bell,Philadelphia,39.993535,-75.096423,19134,mexican,$,3.5
Fiesta Acapulco,Philadelphia,39.93575,-75.15873,19147,mexican,$,2.5
Taco Bell,Philadelphia,39.99957,-75.15348,19132,mexican,$,1.5
QDOBA Mexican Eats,Philadelphia,40.0025551,-75.2251523,19004,mexican,$,3.0
Distrito Taco Truck,Philadelphia,39.959695,-75.196819,19104,mexican,$,3.0
Chipotle Mexican Grill,Philadelphia,39.954101,-75.200795,19104,mexican,$,2.5
Anna's Lunch Truck,Philadelphia,39.9775657653809,-75.1460571289062,19122,mexican,N/A,3.0
Taco Bell,Philadelphia,39.9221,-75.18726,19145,mexican,$,1.0
Currito,Philadelphia,39.8766558821088,-75.2399649508957,19153,mexican,N/A,3.5
El Paraiso Restaurant,Philadelphia,39.9124405,-75.1129356,08104,mexican,N/A,2.0
Baby Boss Pizza and Grill,Philadelphia,40.02877,-75.03912,19135,mexican,N/A,3.5
Talula's Garden,Philadelphia,39.9473272217862,-75.1535421779099,19106,newamerican,$$$,4.5
Harper's Garden,Philadelphia,39.9523171,-75.1700175,19103,newamerican,$$,4.0
Juno,Philadelphia,39.96196,-75.15564,19123,newamerican,N/A,4.0
Harp & Crown,Philadelphia,39.9504170438175,-75.1664282754064,19102,newamerican,$$,4.0
Dig,Philadelphia,39.9512017549924,-75.1680316,19103,newamerican,$$,4.5
The Love,Philadelphia,39.95077,-75.17085,19103,newamerican,$$$,4.0
Village Whiskey,Philadelphia,39.951416594943,-75.173767791736,19103,newamerican,$$,4.0
Friday Saturday Sunday,Philadelphia,39.948917388916,-75.1759185791016,19103,newamerican,$$$,4.5
Vernick Food & Drink,Philadelphia,39.950901,-75.17485,19103,newamerican,$$$,4.5
Bad Brother,Philadelphia,39.968629,-75.176888,19130,newamerican,N/A,5.0
The Wayward,Philadelphia,39.9509148952045,-75.1595963537693,19107,newamerican,N/A,4.5
Jean-Georges Philadelphia,Philadelphia,39.954995,-75.170789,19103,newamerican,$$$$,4.0
Sabrina's Café,Philadelphia,39.9604147854253,-75.1686044901787,19130,newamerican,$$,4.0
JG SkyHigh,Philadelphia,39.9552,-75.170951,19103,newamerican,N/A,4.0
Farmer's Keep,Philadelphia,39.9528809,-75.1734924,19103,newamerican,$$,4.5
Rex 1516,Philadelphia,39.9437696,-75.1678431,19146,newamerican,$$,4.5
Tipsy Bistro,Philadelphia,39.9522994,-75.186813,19104,newamerican,$$,4.5
Garden Restaurant,Philadelphia,39.9605194,-75.1725901,19130,newamerican,$$,4.5
High Street Philadelphia,Philadelphia,39.9496013,-75.1553451,19107,newamerican,$$,4.0
Hatch & Coop,Philadelphia,39.949466,-75.1605349,19107,newamerican,$,4.0
Talula's Daily,Philadelphia,39.947196,-75.1534829,19106,newamerican,$$,4.5
Helm,Philadelphia,39.9715461730957,-75.1445083618164,19122,newamerican,$$$,4.5
Vernick Coffee Bar,Philadelphia,39.955061,-75.170196,19103,newamerican,$$,4.5
The Board & Brew,Philadelphia,39.9534403364116,-75.1883720979095,19104,newamerican,N/A,4.5
Jack's Firehouse,Philadelphia,39.96707,-75.17329,19130,newamerican,$$,3.5
Entree BYOB,Philadelphia,39.9440110213116,-75.1691403878396,19146,newamerican,$$$,4.5
American Sardine Bar,Philadelphia,39.936536,-75.17375,19146,newamerican,$$,4.0
Fare,Philadelphia,39.967061,-75.171243,19130,newamerican,$$,3.5
Misconduct Tavern,Philadelphia,39.954395,-75.169849,19103,newamerican,$$,3.0
Luna Café,Philadelphia,39.95055,-75.14627,19106,newamerican,$$,4.0
SouthHouse,Philadelphia,39.91804,-75.1687,19148,newamerican,$$,4.5
Cook and Shaker,Philadelphia,39.9826256,-75.1205402,19125,newamerican,$$,4.5
CO-OP Restaurant & Lounge,Philadelphia,39.95452,-75.19002,19104,newamerican,$$,3.5
Community,Philadelphia,39.93754,-75.17883,19146,newamerican,N/A,4.5
Bank & Bourbon,Philadelphia,39.9517241478884,-75.1601829009424,19107,newamerican,$$$,3.5
Urban Village Brewing Co,Philadelphia,39.9667,-75.13997,19123,newamerican,$$,4.0
Tap Room On 19th,Philadelphia,39.921596,-75.178679,19145,newamerican,$$,4.0
Marathon On the Square,Philadelphia,39.94811,-75.17256,19103,newamerican,$$,3.5
Fond,Philadelphia,39.9298755856381,-75.162953,19147,newamerican,$$$,4.5
Martha,Philadelphia,39.98222,-75.12809,19125,newamerican,$$,4.0
Black Sheep Pub & Restaurant,Philadelphia,39.9484024047852,-75.1692581176758,19103,newamerican,$$,3.5
Urban Saloon,Philadelphia,39.9670245,-75.1729544,19130,newamerican,$$,3.0
Moshulu,Philadelphia,39.9423354819722,-75.1413081,19106,newamerican,$$$,3.5
Time,Philadelphia,39.9500001533391,-75.1625513634234,19107,newamerican,$$,4.0
The Happy Rooster,Philadelphia,39.9504,-75.16756,19102,newamerican,$$,3.5
The Gold Standard Cafe,Philadelphia,39.943361,-75.164038,19147,newamerican,N/A,4.5
Volvér,Philadelphia,39.9467246,-75.1652166,19102,newamerican,$$$$,3.5
Lloyd Whiskey Bar,Philadelphia,39.971357533145,-75.127588676978,19125,newamerican,$$,4.0
Blume,Philadelphia,39.9484081239717,-75.1668265834451,19102,newamerican,$$,2.5
Chickie's & Pete's,Philadelphia,39.91147,-75.17456,19145,newamerican,$$,3.5
The Grill  Smuckers,Philadelphia,39.9532,-75.159408,19107,newamerican,$,4.5
Ripplewood Whiskey & Craft,Philadelphia,40.007576,-75.289818,19003,newamerican,$$,4.5
City Tap House,Philadelphia,39.9543092611596,-75.2013524735412,19104,newamerican,$$,3.5
Green Eggs Cafe,Philadelphia,39.97413,-75.18211,19130,newamerican,$$,3.0
Twenty Manning Grill,Philadelphia,39.9486,-75.17402,19103,newamerican,$$,3.5
Marathon,Philadelphia,39.95048336385,-75.167330586527,19102,newamerican,$$,3.5
Chops Restaurant & Bar,Philadelphia,39.954782,-75.168476,19103,newamerican,$$$,3.0
Punch Line Philly,Philadelphia,39.965141,-75.135429,19123,newamerican,$$,3.5
Destination Dogs,Philadelphia,39.948898,-75.159717,19107,newamerican,$$,4.5
Mix Bar and Grill,Philadelphia,39.95261,-75.17575,19103,newamerican,N/A,3.0
Cherry Lounge,Philadelphia,39.95591,-75.15901,19107,newamerican,$$,3.0
1100 Social,Philadelphia,39.9046173,-75.1686783,19148,newamerican,$$,3.0
Gojjo Bar & Restaurant,Philadelphia,39.9486312866211,-75.2141036987305,19143,newamerican,$$,3.5
Stateside,Philadelphia,39.930249,-75.163265,19147,newamerican,$$,3.5
The American Pub,Philadelphia,39.95232,-75.166485,19102,newamerican,$$,2.5
Ten Stone Bar & Restaurant,Philadelphia,39.9450458,-75.1769728,19146,newamerican,$$,3.0
Mac's Tavern,Philadelphia,39.9497947692871,-75.1447372436523,19106,newamerican,$$,3.5
Love Park Pizza and Chicken,Philadelphia,39.9667319342205,-75.1605951413512,19130,newamerican,$,3.0
JG Domestic,Philadelphia,39.9570730968858,-75.1820826530457,19104,newamerican,$$$,3.5
Sabrina's Café,Philadelphia,39.9159547157177,-75.0684280693531,08108,newamerican,$$,4.0
Lucky 13 Pub,Philadelphia,39.92716,-75.16713,19148,newamerican,$$,4.0
Bernie's Restaurant & Bar - Manayunk,Philadelphia,40.02621420397586,-75.22507913410664,19127,newamerican,N/A,3.5
Antney's Grub,Philadelphia,39.9167688549461,-75.1700619980693,19148,newamerican,$,4.0
Taste Restaurant,Philadelphia,39.94618,-75.14353,19106,newamerican,$$,3.0
Not Your Average Joe's,Philadelphia,40.0085878,-75.288215,19003,newamerican,$$,4.0
Memphis Market & Grill,Philadelphia,39.9817237854004,-75.1208648681641,19125,newamerican,$,4.5
Knock,Philadelphia,39.9478637,-75.160564,19107,newamerican,$$,3.5
La Bourse at Hotel Sofitel,Philadelphia,39.9507906,-75.1690789,19103,newamerican,$$,3.5
Sto's Bar & Restaurant,Philadelphia,39.9500081317078,-75.1446980850962,19106,newamerican,$$,3.5
Southwark Restaurant,Philadelphia,39.9404771,-75.1493607,19147,newamerican,$$$,4.0
Fuego Sazon,Philadelphia,39.95502,-75.07046,08110,newamerican,N/A,5.0
Cap'n Cats Clam Bar & Tavern,Philadelphia,39.859018,-75.156185,08086,newamerican,$$,4.0
Valley Green Inn,Philadelphia,40.0550649139669,-75.2181315422058,19128,newamerican,$$,3.5
McShea's Restaurant & Bar,Philadelphia,40.0055006,-75.2606466,19072,newamerican,$$,4.0
The Mile,Philadelphia,39.851514,-75.0733203,08078,newamerican,$$,4.0
The Bercy,Philadelphia,40.0079,-75.290766,19003,newamerican,N/A,4.0
Park Place Café and Restaurant,Philadelphia,39.9514228105545,-75.0486172735691,08109,newamerican,$$,4.5
City Winery - Philadelphia,Philadelphia,39.952533,-75.1562439277768,19107,newamerican,$$,2.5
Tipsy Cafe & Catering,Philadelphia,40.0316415,-75.16693767,19144,newamerican,N/A,5.0
Milkhouse,Philadelphia,39.9557799,-75.1819683,19104,newamerican,$,2.5
Ulana's,Philadelphia,39.9404563903809,-75.1461486816406,19147,newamerican,$$,2.5
Houlihan's,Philadelphia,39.9221039914142,-75.0388994608658,08002,newamerican,$$,3.0
2312 Garrett Bar,Philadelphia,39.95056,-75.28372,19026,newamerican,$$,3.5
Taylor's Cafe,Philadelphia,40.034328,-75.216551,19128,newamerican,$$,4.0
Local Wine & Kitchen,Philadelphia,40.0086928944409,-75.2922391388432,19003,newamerican,$$,4.0
White Dog Cafe - Haverford,Philadelphia,40.0131367139812,-75.2998006962952,19041,newamerican,$$$,3.5
Woodland Village Restaurant,Philadelphia,39.927412,-75.231476,19142,newamerican,$,2.0
The Greeks,Philadelphia,40.00588,-75.26052,19072,newamerican,$$,4.0
Local Links,Philadelphia,39.8830123990774,-75.0576127320528,08035,newamerican,$,4.5
NBC Sports Arena,Philadelphia,39.9046173,-75.1686783,19148,newamerican,$$,3.5
The Pop Shop - Collingswood,Philadelphia,39.91618,-75.06789,08108,newamerican,$$,3.5
Currito,Philadelphia,39.874423,-75.247136,19153,newamerican,$,3.5
Zena's American Mediterranean Cuisine,Philadelphia,39.91284,-75.087041,08107,newamerican,$$,3.5
Noobar,Philadelphia,39.875104,-75.243642,19153,newamerican,$$,3.0
U S Hotel Bar & Grill,Philadelphia,40.02663,-75.2261,19127,newamerican,$$,3.0
Visions Restaurant,Philadelphia,39.933967590332,-75.2511291503906,19050,newamerican,$$,3.0
Rancho Mamajuana,Philadelphia,40.015476,-75.139671,19140,newamerican,N/A,1.0
Embers Wood Fired Gril,Philadelphia,39.925854,-75.053177,08002,newamerican,$$,3.0
New Golden House,Philadelphia,40.0377922058105,-75.1761169433594,19144,newamerican,$,4.0
Millers Luncheonette,Philadelphia,39.8665444433782,-75.2994920224516,19029,newamerican,$,4.5
Vera Bar & Grill,Philadelphia,39.9256699,-75.0471,08002,newamerican,$$,2.5
The Kove,Philadelphia,39.895161,-75.073067,08106,newamerican,$$,3.5
Hibachi Grill & Supreme Buffet,Philadelphia,40.0507282465696,-75.0650384277105,19149,newamerican,$$,2.5
NY Bagel Cafe & Deli,Philadelphia,40.0027825,-75.2222705,19131,newamerican,$,3.0
Hatch and choop,Philadelphia,39.94948,-75.1605247333646,19107,newamerican,N/A,1.0
Stinger's Restaurant and Bar,Philadelphia,39.918679,-75.301916,19018,newamerican,$$,3.5
Local Tavern,Philadelphia,39.880716,-75.237203,19153,newamerican,$$,2.5
R-Macs Publick House,Philadelphia,39.8845781,-75.0585204,08107,newamerican,$$,3.0
Paul Revere Pizza House,Philadelphia,39.9401,-75.28767,19050,newamerican,$$,4.0
CIBO Bistro Wine Bar,Philadelphia,39.875016,-75.243913,19153,newamerican,$$,3.0
Food For Your Soul,Philadelphia,39.9225986,-75.1548452,19148,soulfood,N/A,4.0
Saudia Shuler's Country Cookin',Philadelphia,39.99811,-75.1673,19132,soulfood,$$,3.5
Sister Muhammad's Kitchen,Philadelphia,40.0228262080351,-75.1590914279222,19140,soulfood,$$,4.0
Deborah's Kitchen,Philadelphia,39.9737815856934,-75.1792449951172,19130,soulfood,$$,4.0
Frannie Nicks,Philadelphia,39.938948238435,-75.1564078778028,19147,soulfood,N/A,3.5
Soul Boat,Philadelphia,39.9316669734185,-75.1691339537501,19146,soulfood,$,4.0
Caribbean Palm,Philadelphia,39.9587516784668,-75.1688003540039,19103,soulfood,$,3.5
Lorraine's Taste of the South,Philadelphia,39.938428300062,-75.270585537767,19050,soulfood,N/A,4.5
Barkley's BBQ,Philadelphia,39.9869523271482,-75.1806329190731,19121,soulfood,$$,3.0
Tasties,Philadelphia,39.97179,-75.2262,19144,soulfood,$$,2.5
Butter's Soul Food,Philadelphia,39.9741134643555,-75.1815643310547,19130,soulfood,$$,3.0
Ms Tootsie's RBL,Philadelphia,39.943275,-75.163819,19147,soulfood,$$,3.5
Corinne's Place,Philadelphia,39.931568145752,-75.1015396118164,08103,soulfood,$$,4.5
Nile Cafe,Philadelphia,40.03929,-75.17822,19144,soulfood,$$,4.5
Ol' Boy's Soul Food,Philadelphia,39.957595,-75.241387,19139,soulfood,$$,3.5
Delaney's Soul Food,Philadelphia,39.939294,-75.255713,19050,soulfood,$$,4.5
Carlette's Hideaway,Philadelphia,39.93939,-75.257127,19050,soulfood,$$,4.0
Crafty Soul,Philadelphia,39.97081,-75.21422,19131,soulfood,N/A,3.5
Charlies Country Ribs,Philadelphia,39.9870681762695,-75.1758804321289,19121,soulfood,$$,3.5
Soul Kitchen,Philadelphia,40.044675,-75.149271,19141,soulfood,N/A,3.5
Tay's Soul Food,Philadelphia,40.03222,-75.09154,19124,soulfood,N/A,3.0
Vernie's Soul Food,Philadelphia,40.02735,-75.154,19141,soulfood,$,2.5
Martha's Kitchen,Philadelphia,40.05265,-75.09184,19111,soulfood,N/A,4.0
Rochester's Barbecue & Grill,Philadelphia,39.867419,-75.041743,08045,soulfood,$$,4.0
King Grill,Philadelphia,39.966593,-75.207345,19104,soulfood,N/A,1.5
Blue Bay Restaurant,Philadelphia,39.97769025552587,-75.27230371394438,19151,soulfood,$,2.5
Soul D'lysh & Catering,Philadelphia,39.9813918503093,-75.1534097958968,19120,soulfood,$$,3.0
Ms D's Soulfood & BBQ,Philadelphia,40.04493,-75.1649769,19144,soulfood,$$$$,2.0
big moes grill,Philadelphia,40.0438901775032,-75.1626836621296,19138,soulfood,N/A,2.0
Illusions Banquet Hall and Sports Bar,Philadelphia,39.92728,-75.30396,19018,soulfood,N/A,3.5
Patterson Palace,Philadelphia,39.9794464111328,-75.1620330810547,19121,soulfood,N/A,2.0
Aces Lounge,Philadelphia,39.96087,-75.26301,19082,soulfood,N/A,1.0
Soulful D’lites,Philadelphia,39.95301,-75.24241,19143,soulfood,N/A,3.0
Chatayee Thai,Philadelphia,39.94926,-75.16178,19107,thai,$$,4.5
JJ Thai Cuisine,Philadelphia,39.9521034288421,-75.1747379090004,19103,thai,$$,4.5
NINE,Philadelphia,39.97474,-75.18282,19130,thai,$$,4.5
Kalaya Thai Kitchen,Philadelphia,39.93997,-75.15787,19147,thai,$$$,4.5
Cily Chicken Rice,Philadelphia,39.955545,-75.15547289999999,19107,thai,N/A,4.5
Kalaya Thai Market,Philadelphia,39.9382628972949,-75.1581519842148,19147,thai,N/A,4.5
Penang,Philadelphia,39.954044,-75.15598,19107,thai,$$,3.5
Xiandu Thai,Philadelphia,39.9490585,-75.1598816,19107,thai,$$,4.0
Golden Triangle,Philadelphia,39.94152,-75.15101,19147,thai,$$,4.5
Pho Xe Lua Viet Thai Restaurant,Philadelphia,39.9554199,-75.15465,19107,thai,$$,4.0
Daleng Restaurant,Philadelphia,39.95597,-75.21542,19139,thai,$,4.5
Ratchada Thai & Laos Cuisine,Philadelphia,39.93668,-75.16131,19147,thai,$$,4.0
Baan Thai,Philadelphia,39.9671988,-75.140984,19123,thai,$$,4.0
Cafe Ayla,Philadelphia,39.92747,-75.15577,19148,thai,$$,4.5
Asia On the Parkway,Philadelphia,39.9558019,-75.1678951,19103,thai,$$,3.0
Tamarind,Philadelphia,39.9412384,-75.14467,19147,thai,$$,4.0
Spice 28,Philadelphia,39.950352,-75.1615829,19107,thai,$$,4.0
Yummy Pho,Philadelphia,39.9837599,-75.15718,19121,thai,$,4.5
Smile Cafe,Philadelphia,39.95215,-75.17688,19103,thai,$$,4.0
Thai Singha House Express,Philadelphia,39.95175,-75.17375,19103,thai,$,4.0
Thai Basil,Philadelphia,39.91688,-75.07012,08108,thai,$$,4.0
Coco Thai Bistro,Philadelphia,40.00578,-75.26078,19072,thai,$$,4.0
Rudee's Thai Cuisine,Philadelphia,40.002318,-75.277046,19096,thai,$$,4.0
Malee,Philadelphia,39.94195,-75.15019,19147,thai,N/A,3.0
Circles Thai,Philadelphia,39.916373574315,-75.0715156847572,08108,thai,$$,3.5
Siamese Princess,Philadelphia,40.0069961547852,-75.2898712158203,19003,thai,$$,4.0
Little Kitchen,Philadelphia,40.0000840440678,-75.2284179915604,19131,thai,$$,2.5
A Taste of Thai,Philadelphia,39.9538523,-75.1576278,19107,thai,$$,3.0
Aya Asian Fusion,Philadelphia,40.03695,-75.03991,19136,thai,$$,3.5
Mikado Thai Pepper Restaurant,Philadelphia,40.00655,-75.28888,19003,thai,$$,3.5
Dream House Asian Bistro,Philadelphia,40.03438505088,-75.216117126152,19128,thai,$$,3.0
Aziatisch,Philadelphia,40.007524,-75.285984,19003,thai,$$,4.0
